Store Name,State,City,Order No.,Invoice No.,SKU Id,mobileModel,Quantity,name,mobile1,Customer Mail id,Customer GSTIN No.,Customer PAN No.,purchaseDate,price,Payment Type,Order Status,Promo Code
SONAR BANGLA SHOPPING COMPLEX,West Bengal,,SA1215572247745405,S290439022100094,28321,Redmi Earphones Black,1,JOYDEPP GHORAI,973383382,jghorai@gmail.com,,,2/28/2021 18:58,399,Cash,Completed,
SONAR BANGLA SHOPPING COMPLEX,West Bengal,,SA1215582130121931,S290439022100093,21025,Mi Micro USB Braided Cable 100cm(Black),1,raju kumar das,6294418254,dass@gmail.com,,,2/28/2021 13:16,249,Cash,Completed,
SONAR BANGLA SHOPPING COMPLEX,West Bengal,,SA1215582199247624,S290439022100092,25956,Mi Braided USB Type-C Cable Black,1,GOURAB DEY,8972132201,gdey@gmail.com,,,2/27/2021 20:20,648,Cash,Completed,
SONAR BANGLA SHOPPING COMPLEX,West Bengal,,SA1215572234560211,S290439022100091,27881,Redmi Note 9 Pebble Grey 6GB+128GB,1,SK RIYAJUL ISLIM,9883408414,SKRIYAJULISLIM@GMAIL.COM,,,2/26/2021 21:20,13999,Cash,Completed,
SONAR BANGLA SHOPPING COMPLEX,West Bengal,,SA1215552105143929,S290439022100090,28323,Redmi Earphones Blue,1,AMAL MAITY,9477493479,AMALMAITY@GMAIL.COM,,,2/26/2021 20:03,399,Cash,Completed,
SONAR BANGLA SHOPPING COMPLEX,West Bengal,,SA1215552143355306,S290439022100089,30420,Redmi Note 9 Shadow Black 6GB+128GB,1,GOPAL JANA,9932725697,janagopal1983@gmail.com,,,2/25/2021 12:20,13999,Cash,Completed,
SONAR BANGLA SHOPPING COMPLEX,West Bengal,,SA1215542190437202,S290439022100088,22696,India Standard Charger (2A Fast Charging) Black.,1,GOUTAM PAL,9002772170,pgoutam@gmail.com,,,2/24/2021 20:04,349,Cash,Completed,
SONAR BANGLA SHOPPING COMPLEX,West Bengal,,SA1215532143629308,S290439022100087,25147,Mi Portable Wireless Mouse Black,1,SAIKAT PAL,8345822022,hidemac2015@gmail.com,,,2/24/2021 18:49,500,Cash,Completed,
SONAR BANGLA SHOPPING COMPLEX,West Bengal,,SA1215552105859731,S290439022100086,28653,Redmi 9 Prime Sunrise Flare 4GB+128GB,1,TAPAS SAMANTA,8617053744,suvadipkaran39@gmail.com,,,2/24/2021 18:47,10999,Cash,Completed,
SONAR BANGLA SHOPPING COMPLEX,West Bengal,,SA1215532108053715,S290439022100085,20262,Mi Sports Bluetooth Earphones Basic Black,1,KANKAN BHAUMIK,9732719562,kankanbhaumik@gmail.com,,,2/24/2021 12:02,1299,Cash,Completed,
SONAR BANGLA SHOPPING COMPLEX,West Bengal,,SA1215522155484932,S290439022100084,29454,Redmi 9 Sky Blue 4GB+64GB,1,TARUN SAMANTA,9932359159,tatuntarunsamanta@gmail.com,,,2/23/2021 19:57,8799,Cash,Completed,
SONAR BANGLA SHOPPING COMPLEX,West Bengal,,SA1215532143162623,S290439022100083,29454,Redmi 9 Sky Blue 4GB+64GB,1,RABIN MURA,7015839464,sujatamura1998@gmail.com,,,2/23/2021 19:42,8799,Cash,Completed,
SONAR BANGLA SHOPPING COMPLEX,West Bengal,,SA1215532108881309,S290439022100082,29342,Redmi 9 Carbon Black 4GB+64GB,1,RAMALA KAYET,9800726743,ramarakayet980072@gmail.com,,,2/23/2021 19:24,8799,Cash,Completed,
SONAR BANGLA SHOPPING COMPLEX,West Bengal,,SA1215512178151918,S290439022100081,29454,Redmi 9 Sky Blue 4GB+64GB,1,sk talat,9091797316,talatsk@gmail.com,,,2/23/2021 18:58,8799,Cash,Completed,
SONAR BANGLA SHOPPING COMPLEX,West Bengal,,SA1215512167885931,S290439022100080,28940,Redmi 9A Midnight Black 3GB+32GB,1,RUKSHANA BEGUM,6295702468,rbegum@gmail.com,,,2/23/2021 18:03,7499,Cash,Completed,
SONAR BANGLA SHOPPING COMPLEX,West Bengal,,SA1215522190562327,S290439022100079,24692,Mi Smart Band 4 Strap ( Compatible with Mi Band 3) Electric Orange,1,RAJ,9609354204,sayakmandal30@gmail.com,,,2/23/2021 17:48,249,Cash,Completed,
SONAR BANGLA SHOPPING COMPLEX,West Bengal,,SA1215512192593410,S290439022100078,30646,Redmi 9 Power Mighty Black 4GB+64GB,1,SANJIB PAL,8679202840,sanjibpal375@gmail.com,,,2/23/2021 16:05,10499,Cash,Completed,
SONAR BANGLA SHOPPING COMPLEX,West Bengal,,SA1215502185107211,S290439022100077,28947,Redmi 9A Midnight Black 2GB+32GB,1,ANUP MANDAL,7602886698,akashmandal76680@gmail.com,,,2/21/2021 18:37,7499,Cash,Completed,
SONAR BANGLA SHOPPING COMPLEX,West Bengal,,SA1215492127487509,S290439022100076,21026,Mi Micro USB Braided Cable 100cm(Red),1,MAHADEV PAUL,7872418205,mahadevpaul750@gmail.com,,,2/21/2021 12:15,249,Cash,Completed,
SONAR BANGLA SHOPPING COMPLEX,West Bengal,,SA1215502192597207,S290439022100075,25957,Mi Braided USB Type-C Cable Red .,1,RETESWAR BERA,9800640750,reteswarbera1@gmail.com,,,2/20/2021 19:59,299,Cash,Completed,
SONAR BANGLA SHOPPING COMPLEX,West Bengal,,SA1215492192065303,S290439022100074,30420,Redmi Note 9 Shadow Black 6GB+128GB,1,DINABANDHU PRAMANIK,9749464547,dinabandhupramanik700@gmail.com,,,2/20/2021 19:08,13999,Cash,Completed,
SONAR BANGLA SHOPPING COMPLEX,West Bengal,,SA1215492110797704,S290439022100073,21059,Mi Router 4C White,1,MOTIBUL MALLIK,9123616025,MOTIBULMALLIK@GMAIL.COM,,,2/19/2021 17:09,999,Cash,Completed,
SONAR BANGLA SHOPPING COMPLEX,West Bengal,,SA1215502192694907,S290439022100072,23794,Mi 2A Fast Charger with Cable Black,1,NANTU DEY,9434218243,NANTUDEY@GMAIL.COM,,,2/19/2021 17:04,449,Cash,Completed,
SONAR BANGLA SHOPPING COMPLEX,West Bengal,,SA1215482189939718,S290439022100071,28940,Redmi 9A Midnight Black 3GB+32GB,1,SK TALAT,9685543279,sktalat@gmail.com,,,2/18/2021 18:31,7499,Cash,Completed,
SONAR BANGLA SHOPPING COMPLEX,West Bengal,,SA1215472123087917,S290439022100070,30390,Redmi 9 Carbon Black 4GB+128GB,1,Habibul Mallick,9883617974,HabibulMallick@gmail.com,,,2/17/2021 17:52,9999,Cash,Completed,
SONAR BANGLA SHOPPING COMPLEX,West Bengal,,SA1215472123907012,S290439022100069,26865,Redmi Earbuds S Black,1,PABITRA GHORAI,6295794117,PABITRAGHORAI@GMAIL.COM,,,2/17/2021 11:54,1799,Cash,Completed,
SONAR BANGLA SHOPPING COMPLEX,West Bengal,,SA1215452127579824,S290439022100068,28321,Redmi Earphones Black,1,RAGHUNATH GURYA,7908932717,RAGHUNATHGURYA@GMAIL.COM,,,2/16/2021 18:54,399,Cash,Completed,
SONAR BANGLA SHOPPING COMPLEX,West Bengal,,SA1215442165281118,S290439022100067,22696,India Standard Charger (2A Fast Charging) Black.,1,UDAY DHARA,8670891137,dharauday@gmail.com,,,2/16/2021 11:43,598,Cash,Completed,
SONAR BANGLA SHOPPING COMPLEX,West Bengal,,SA1215452127105021,S290439022100066,28940,Redmi 9A Midnight Black 3GB+32GB,1,SANKHADIP MAITY,8016513034,SANKHADIPMAITY@GMAIL.COM,,,2/15/2021 21:09,7499,Cash,Completed,
SONAR BANGLA SHOPPING COMPLEX,West Bengal,,SA1215442153505916,S290439022100065,23631,Mi Smart Band 3i Black,1,UTTAM DEY,9046549484,uttamdey@gmail.com,,,2/15/2021 19:04,1299,Cash,Completed,
SONAR BANGLA SHOPPING COMPLEX,West Bengal,,SA1215442155909712,S290439022100064,28164,Redmi Note 9 Pro Interstellar Black 4GB+128GB,1,PRASANTA DAS,8597472068,pdas19777@gmail.com,,,2/15/2021 18:52,13999,Cash,Completed,
SONAR BANGLA SHOPPING COMPLEX,West Bengal,,SA1215452165907630,S290439022100063,30651,Redmi 9 Power Blazing Blue 4GB+64GB,1,ANIRBAN MAJI,9732760415,anirbanmaji690@gmail.com,,,2/15/2021 11:28,10999,Cash,Completed,
SONAR BANGLA SHOPPING COMPLEX,West Bengal,,SA1215452189096728,S290439022100062,30646,Redmi 9 Power Mighty Black 4GB+64GB,1,SK RAHAMAT KHODA,7602445403,amanmallik2001@gmail.com,,,2/15/2021 10:29,10999,Cash,Completed,
SONAR BANGLA SHOPPING COMPLEX,West Bengal,,SA1215442155999612,S290439022100061,27319,Mi Beard Trimmer 1C Black,1,SUDIP BARMAN,9933117213,sudipadmission@gmail.com,,,2/14/2021 18:35,899,Cash,Completed,
SONAR BANGLA SHOPPING COMPLEX,West Bengal,,SA1215422132295527,S290439022100060,29455,Redmi 9 Sporty Orange 4GB+64GB,1,RAKTIM PRADHAN,7047394128,pradhanrk@gmail.com,,,2/14/2021 15:44,8999,Cash,Completed,
SONAR BANGLA SHOPPING COMPLEX,West Bengal,,SA1215432134111209,S290439022100059,28945,Redmi 9A Nature Green 3GB+32GB,1,SK TALAT,6295731049,talatsk1985@gmail.com,,,2/14/2021 15:14,7499,Cash,Completed,
SONAR BANGLA SHOPPING COMPLEX,West Bengal,,SA1215442153881610,S290439022100058,29454,Redmi 9 Sky Blue 4GB+64GB,1,manasi pal,6294009720,manasipal002@gmail.com,,,2/14/2021 14:56,8999,Cash,Completed,
SONAR BANGLA SHOPPING COMPLEX,West Bengal,,SA1215422131515704,S290439022100057,28940,Redmi 9A Midnight Black 3GB+32GB,1,RBIA KHATUN,9734501829,rubiakhatunrubia@gmail.com,,,2/14/2021 13:38,7499,Cash,Completed,
SONAR BANGLA SHOPPING COMPLEX,West Bengal,,SA1215432134922003,S290439022100056,27383,Redmi Note 9 Pro Max Interstellar Black 6GB+128GB,1,DEBASIS BARMAN,9002053566,dbarman3002@gmail.com,,,2/14/2021 12:51,17499,Cash,Completed,
SONAR BANGLA SHOPPING COMPLEX,West Bengal,,SA1215442111838606,S290439022100055,28164,Redmi Note 9 Pro Interstellar Black 4GB+128GB,1,PUJA BERA,9987985292,bera00275@gmail.com,,,2/14/2021 12:29,13999,Cash,Completed,
SONAR BANGLA SHOPPING COMPLEX,West Bengal,,SA1215442111287511,S290439022100054,28164,Redmi Note 9 Pro Interstellar Black 4GB+128GB,1,SANGJUKTA MAITY,9064229214,panchabhowmik49@gmail.com,,,2/14/2021 12:18,13999,Cash,Completed,
SONAR BANGLA SHOPPING COMPLEX,West Bengal,,SA1215422107697401,S290439022100053,27379,Redmi Note 9 Pro Max Interstellar Black 6GB+64GB,1,ADIL KHAN,9593393571,adilkhan9593@gmail.com,,,2/14/2021 11:01,14999,Cash,Completed,
SONAR BANGLA SHOPPING COMPLEX,West Bengal,,SA1215422131575304,S290439022100052,27379,Redmi Note 9 Pro Max Interstellar Black 6GB+64GB,1,LAKSHMIKANTA DHARA,8617009707,lakshmikantadhara50@gmail.com,,,2/13/2021 17:56,14999,Cash,Completed,
SONAR BANGLA SHOPPING COMPLEX,West Bengal,,SA1215432134989403,S290439022100051,28659,Redmi 9 Prime Mint Green 4GB+128GB,1,SUJATA ACHAR,8972932744,sujataachar2@gmail.com,,,2/13/2021 16:35,10999,Cash,Completed,
SONAR BANGLA SHOPPING COMPLEX,West Bengal,,SA1215432134495907,S290439022100050,18517,Mi Band 3,1,Atanu Samanta,9933676967,atanusamanta@gmail.com,,,2/13/2021 12:52,1599,Cash,Completed,
SONAR BANGLA SHOPPING COMPLEX,West Bengal,,SA1215432134805908,S290439022100049,25956,Mi Braided USB Type-C Cable Black,1,SUJAN ROUT,7908110529,sujanrout41@gmail.com,,,2/12/2021 18:36,299,Cash,Completed,
SONAR BANGLA SHOPPING COMPLEX,West Bengal,,SA1215412204810213,S290439022100048,28940,Redmi 9A Midnight Black 3GB+32GB,1,DEBU RUHI DAS,9932004055,prithwishgoswami7216@gmail.com,,,2/12/2021 17:36,7499,Cash,Completed,
SONAR BANGLA SHOPPING COMPLEX,West Bengal,,SA1215422107279019,S290439022100047,30390,Redmi 9 Carbon Black 4GB+128GB,1,UNMAN JANA,9382138472,janaunman88@gmail.com,,,2/12/2021 16:46,9999,Cash,Completed,
SONAR BANGLA SHOPPING COMPLEX,West Bengal,,SA1215412186149411,S290439022100046,30646,Redmi 9 Power Mighty Black 4GB+64GB,1,CHANDAN SAHU,9734001142,CHANDANSAHU@GMAIL.COM,,,2/12/2021 14:36,10999,Cash,Completed,
SONAR BANGLA SHOPPING COMPLEX,West Bengal,,SA1215422131993715,S290439022100045,28944,Redmi 9A Nature Green 2GB+32GB,1,lokesh rana,9635702479,lokeshrana@gmail.com,,,2/11/2021 20:31,6799,Cash,Completed,
SONAR BANGLA SHOPPING COMPLEX,West Bengal,,SA1215422132255532,S290439022100044,28942,Redmi 9A Sea Blue 2GB+32GB,1,susmita adhikary,8013177459,adhikarysusmita@gmai.com,,,2/11/2021 20:26,6799,Cash,Completed,
SONAR BANGLA SHOPPING COMPLEX,West Bengal,,SA1215412186184211,S290439022100043,28942,Redmi 9A Sea Blue 2GB+32GB,1,sujan naru,9091546720,narusujan@gmail.com,,,2/11/2021 20:25,6799,Cash,Completed,
SONAR BANGLA SHOPPING COMPLEX,West Bengal,,SA1215402096796009,S290439022100042,30646,Redmi 9 Power Mighty Black 4GB+64GB,1,BUBAI ADAK,8250932658,badak@gmail.com,,,2/11/2021 17:25,10999,Cash,Completed,
SONAR BANGLA SHOPPING COMPLEX,West Bengal,,SA1215392211860219,S290439022100041,25957,Mi Braided USB Type-C Cable Red .,1,PABITRA GHORAI,6295794117,pabitraghorai6@gmail.com,,,2/10/2021 19:41,299,Cash,Completed,
SONAR BANGLA SHOPPING COMPLEX,West Bengal,,SA1215392131685814,S290439022100040,25956,Mi Braided USB Type-C Cable Black,1,SABIR ALI SHA,6297460210,sbir.sha.ali@gmail.com,,,2/10/2021 19:10,1298,Cash,Completed,
SONAR BANGLA SHOPPING COMPLEX,West Bengal,,SA1215392212032204,S290439022100039,30646,Redmi 9 Power Mighty Black 4GB+64GB,1,SUBHADIP JANA,9564772609,s.jana2609@gmail.coom,,,2/10/2021 16:37,10999,Cash,Completed,
SONAR BANGLA SHOPPING COMPLEX,West Bengal,,SA1215382006375316,S290439022100038,21025,Mi Micro USB Braided Cable 100cm(Black),1,SWARUP SAMANTA,7001742393,swarupsamanta@gmail.com,,,2/9/2021 18:30,249,Cash,Completed,
SONAR BANGLA SHOPPING COMPLEX,West Bengal,,SA1215392198603724,S290439022100037,28323,Redmi Earphones Blue,1,HIMANSU JANA,9564410370,HIMANSUJANA@GMAIL.COM,,,2/9/2021 13:38,399,Cash,Completed,
SONAR BANGLA SHOPPING COMPLEX,West Bengal,,SA1215402096191332,S290439022100036,28321,Redmi Earphones Black,1,SRIMANTA JANA,7865835056,srimantajana@gmail.com,,,2/9/2021 12:22,399,Cash,Completed,
SONAR BANGLA SHOPPING COMPLEX,West Bengal,,SA1215362209862928,S290439022100035,30649,Redmi 9 Power Electric Green 4GB+64GB,1,GOBINDA KHASKIL,7797742055,khaskil005@gmail.com,,,2/8/2021 18:57,10999,Cash,Completed,
SONAR BANGLA SHOPPING COMPLEX,West Bengal,,SA1215392131042919,S290439022100034,30646,Redmi 9 Power Mighty Black 4GB+64GB,1,DOLAN MITRA,9933989975,onlysatyeswardas@gmail.com,,,2/8/2021 18:23,10999,Cash,Completed,
SONAR BANGLA SHOPPING COMPLEX,West Bengal,,SA1215362209605026,S290439022100033,27379,Redmi Note 9 Pro Max Interstellar Black 6GB+64GB,1,ATANU JANA,9002123228,atanujana2011@gmail.com,,,2/8/2021 18:03,14999,Cash,Completed,
SONAR BANGLA SHOPPING COMPLEX,West Bengal,,SA1215372234174002,S290439022100032,28653,Redmi 9 Prime Sunrise Flare 4GB+128GB,1,TUSHARANI METYA,8972812555,metyatuhin@gmail.com,,,2/7/2021 18:40,10999,Cash,Completed,
SONAR BANGLA SHOPPING COMPLEX,West Bengal,,SA1215382006245806,S290439022100031,28577,Mi Watch Revolve Midnight Black,1,PRATIK METYA,7384674565,pratikmetya@gmail.com,,,2/7/2021 18:30,7999,Cash,Completed,
SONAR BANGLA SHOPPING COMPLEX,West Bengal,,SA1215362215083203,S290439022100030,27379,Redmi Note 9 Pro Max Interstellar Black 6GB+64GB,1,PAPAN DEY,9635529029,PAPANDEY@GMAIL.COM,,,2/7/2021 14:46,14999,Cash,Completed,
SONAR BANGLA SHOPPING COMPLEX,West Bengal,,SA1215362167291323,S290439022100029,23632,Mi Water TDS Tester White,1,TARUN SASHMAL,8597244878,tarunsasmah@gmail.com,,,2/7/2021 13:50,399,Cash,Completed,
SONAR BANGLA SHOPPING COMPLEX,West Bengal,,SA1215342193773922,S290439022100028,27379,Redmi Note 9 Pro Max Interstellar Black 6GB+64GB,1,TRIPTI SAMANTA,9800154125,samantatripti@gmail.com,,,2/6/2021 20:11,14999,Cash,Completed,
SONAR BANGLA SHOPPING COMPLEX,West Bengal,,SA1215352169655921,S290439022100027,28165,Redmi Note 9 Pro Glacier White 4GB+128GB,1,SUKUMAR KHASKIL,9735148027,ksukumar@gmail.com,,,2/6/2021 19:16,13999,Cash,Completed,
SONAR BANGLA SHOPPING COMPLEX,West Bengal,,SA1215342137177112,S290439022100026,16081,Mi Bluetooth Speaker Basic 2,1,ATANU SAMANTA,9046847431,atanution@gmail.com,,,2/6/2021 18:55,1799,Cash,Completed,
SONAR BANGLA SHOPPING COMPLEX,West Bengal,,SA1215352128898918,S290439022100025,28655,Redmi 9 Prime Mint Green 4GB+64GB,1,DIPENDITA GHARA,6296106781,sumighara@gmail.com,,,2/6/2021 12:50,9499,Cash,Completed,
SONAR BANGLA SHOPPING COMPLEX,West Bengal,,SA1215362215175703,S290439022100024,28323,Redmi Earphones Blue,1,SUBHA MALAKAR,6296548762,subhamalaka@gmail.com,,,2/6/2021 10:52,399,Cash,Completed,
SONAR BANGLA SHOPPING COMPLEX,West Bengal,,SA1215342142993505,S290439022100023,23964,Mi 2-in-1 USB Cable (Micro USB to Type C) 100cm Black,1,SANJAY BARMAN,7047593827,sanjyburman@gmail.com,,,2/5/2021 19:31,249,Cash,Completed,
SONAR BANGLA SHOPPING COMPLEX,West Bengal,,SA1215342137287512,S290439022100022,30651,Redmi 9 Power Blazing Blue 4GB+64GB,1,MALATI PRAMANIK,7478791941,pramanikmalati@gmail.com,,,2/5/2021 13:08,10999,Cash,Completed,
SONAR BANGLA SHOPPING COMPLEX,West Bengal,,SA1215322170310127,S290439022100021,30419,Redmi Note 9 Shadow Black 4GB+64GB,1,KHOKON SABUD,6295084932,khokonsabud22@gmail.com,,,2/5/2021 10:55,11999,Cash,Completed,
SONAR BANGLA SHOPPING COMPLEX,West Bengal,,SA1215352169522101,S290439022100020,29455,Redmi 9 Sporty Orange 4GB+64GB,1,PAPIYA BURMAN,7679821430,pburman1998@gmail.com,,,2/5/2021 10:51,8999,Cash,Completed,
SONAR BANGLA SHOPPING COMPLEX,West Bengal,,SA1215322170083528,S290439022100019,29342,Redmi 9 Carbon Black 4GB+64GB,1,RAJU DAS,9833257794,rajudas@gmail.com,,,2/4/2021 16:53,8999,Cash,Completed,
SONAR BANGLA SHOPPING COMPLEX,West Bengal,,SA1215322006249024,S290439022100018,29342,Redmi 9 Carbon Black 4GB+64GB,1,SHRIKANTA MAITY,7585802881,shrikanta@gmail.com,,,2/4/2021 16:52,8999,Cash,Completed,
SONAR BANGLA SHOPPING COMPLEX,West Bengal,,SA1215342193151229,S290439022100017,28165,Redmi Note 9 Pro Glacier White 4GB+128GB,1,ARIJIT HAZRA,7685946140,arijeethazra333@gmail.com,,,2/4/2021 16:19,13999,Cash,Completed,
SONAR BANGLA SHOPPING COMPLEX,West Bengal,,SA1215332208707008,S290439022100016,23546,Mi Flex Phone Grip and Stand Blue,1,SOURANIL MAITY,7318604496,souranilmaity@gmail.com,,,2/4/2021 16:17,149,Cash,Completed,
SONAR BANGLA SHOPPING COMPLEX,West Bengal,,SA1215332208193509,S290439022100015,28323,Redmi Earphones Blue,1,ROHAN SAMANTA,7407132236,rohansamanta0786@gmail.com,,,2/4/2021 13:09,399,Cash,Completed,
SONAR BANGLA SHOPPING COMPLEX,West Bengal,,SA1215302201630729,S290439022100014,27379,Redmi Note 9 Pro Max Interstellar Black 6GB+64GB,1,ARINDAM MANNA,8370949832,rahulmanna104@gmail.com,,,2/3/2021 17:06,14999,Cash,Completed,
SONAR BANGLA SHOPPING COMPLEX,West Bengal,,SA1215322006313424,S290439022100013,27379,Redmi Note 9 Pro Max Interstellar Black 6GB+64GB,1,MADHU MAL,7602756425,madhu12mal@gmail.com,,,2/3/2021 16:58,14999,Cash,Completed,
SONAR BANGLA SHOPPING COMPLEX,West Bengal,,SA1215342137407112,S290439022100012,27379,Redmi Note 9 Pro Max Interstellar Black 6GB+64GB,1,satadal sahoo,8597410249,sahoosata254@gmail.com,,,2/3/2021 16:56,14999,Cash,Completed,
SONAR BANGLA SHOPPING COMPLEX,West Bengal,,SA1215312214425322,S290439022100011,27379,Redmi Note 9 Pro Max Interstellar Black 6GB+64GB,1,BUDHADEV JANA,7431060650,jbuddhadev11@gmail.com,,,2/3/2021 16:37,14999,Cash,Completed,
SONAR BANGLA SHOPPING COMPLEX,West Bengal,,SA1215302174586602,S290439022100010,29455,Redmi 9 Sporty Orange 4GB+64GB,1,ALYA KHATUN,9339440369,skmuktara37@gmail.com,,,2/3/2021 11:16,8999,Cash,Completed,
SONAR BANGLA SHOPPING COMPLEX,West Bengal,,SA1215322144956732,S290439022100009,29426,Mi TV Stick Black,1,PRATIK METYA,7384674565,pratikmetya@gmail.com,,,2/2/2021 17:46,2799,Cash,Completed,
SONAR BANGLA SHOPPING COMPLEX,West Bengal,,SA1215312214766210,S290439022100008,27379,Redmi Note 9 Pro Max Interstellar Black 6GB+64GB,1,SANJIB PRADHAN,8391064722,sanjibpradhan10@gmail.com,,,2/2/2021 17:25,14999,Cash,Completed,
SONAR BANGLA SHOPPING COMPLEX,West Bengal,,SA1215332208321209,S290439022100007,29455,Redmi 9 Sporty Orange 4GB+64GB,1,ak ataiulla,9732601847,skatiulla@gmail.com,,,2/2/2021 14:56,8999,Cash,Completed,
SONAR BANGLA SHOPPING COMPLEX,West Bengal,,SA1215322144447304,S290439022100006,30239,Redmi 9i Nature Green 4GB+128GB,1,sumana manna,9735359161,mannasumana@gmail.com,,,2/2/2021 14:54,8299,Cash,Completed,
SONAR BANGLA SHOPPING COMPLEX,West Bengal,,SA1215292197024503,S290439022100005,28658,Redmi 9 Prime Matte Black 4GB+64GB,1,ARPITA SAMANTA,7047830056,paramitasamanta24@gmail.com,,,2/2/2021 9:59,9999,Cash,Completed,
SONAR BANGLA SHOPPING COMPLEX,West Bengal,,SA1215302201495231,S290439022100004,22352,20000mAh Mi Power Bank 2i Black,1,SANJAY BARMAN,7047593827,barmansanjay@gmail.com,,,2/1/2021 19:08,1599,Cash,Completed,
SONAR BANGLA SHOPPING COMPLEX,West Bengal,,SA1215322006974226,S290439022100003,28654,Redmi 9 Prime Space Blue 4GB+128GB,1,PAPAN BALA,9564372186,papanbala26@gmail.com,,,2/1/2021 18:32,10999,Cash,Completed,
SONAR BANGLA SHOPPING COMPLEX,West Bengal,,SA1215312214564522,S290439022100002,29426,Mi TV Stick Black,1,NISIKANTA JANA,7908600919,nisijana@gmail.com,,,2/1/2021 17:53,2799,Cash,Completed,
SONAR BANGLA SHOPPING COMPLEX,West Bengal,,SA1215312179115119,S290439022100001,30240,Redmi 9i Nature Green 4GB+64GB,1,SURANJANA BERA,6297405116,beraswarajit@gmail.com,,,2/1/2021 17:29,8299,Cash,Completed,
SONAR BANGLA SHOPPING COMPLEX,West Bengal,,SA1215292207925614,S290439012100129,29454,Redmi 9 Sky Blue 4GB+64GB,1,MOUMITA DAS,8436028477,MOUMITADAS@GMAIL.COM,,,1/31/2021 17:47,8999,Cash,Completed,
SONAR BANGLA SHOPPING COMPLEX,West Bengal,,SA1215302174492417,S290439012100128,27379,Redmi Note 9 Pro Max Interstellar Black 6GB+64GB,1,MUKTAR SHA,9046239872,MUKTARSHA@GMAIL.COM,,,1/31/2021 17:35,14999,Cash,Completed,
SONAR BANGLA SHOPPING COMPLEX,West Bengal,,SA1215292127999020,S290439012100127,27379,Redmi Note 9 Pro Max Interstellar Black 6GB+64GB,1,BISWARUP BHAUMIK,9635214869,BISWARUPBHAUMIK@GMAIL.COM,,,1/31/2021 17:00,14999,Cash,Completed,
SONAR BANGLA SHOPPING COMPLEX,West Bengal,,SA1215302201333111,S290439012100126,30660,Mi 10i Pacific Sunrise 8GB+128GB,1,DINABANDHU SINGHA,6354996691,DINABANDHUSINGHA@GMAIL.COM,,,1/31/2021 13:10,23999,Cash,Completed,
SONAR BANGLA SHOPPING COMPLEX,West Bengal,,SA1215282179357010,S290439012100125,30651,Redmi 9 Power Blazing Blue 4GB+64GB,1,RACHANA PATRA,8001915355,RACHANAPATRA@GMAIL.COM,,,1/31/2021 12:34,10999,Cash,Completed,
SONAR BANGLA SHOPPING COMPLEX,West Bengal,,SA1215302201340611,S290439012100124,21025,Mi Micro USB Braided Cable 100cm(Black),1,BHABATOSH MONDAL,8178780902,mondalbhabatosh2@gmail.com,,,1/31/2021 11:46,249,Cash,Completed,
SONAR BANGLA SHOPPING COMPLEX,West Bengal,,SA1215272211000805,S290439012100123,30238,Redmi 9i Sea Blue 4GB+64GB,1,PUSPITA SAU,9933382213,ajitmanna1996@gmail.com,,,1/30/2021 16:50,8299,Cash,Completed,
SONAR BANGLA SHOPPING COMPLEX,West Bengal,,SA1215272211050305,S290439012100122,27319,Mi Beard Trimmer 1C Black,1,SUBHANKAR SAUTYA,8945929834,subhankarsautya72@gmail.com,,,1/30/2021 10:58,999,Cash,Completed,
SONAR BANGLA SHOPPING COMPLEX,West Bengal,,SA1215292127896728,S290439012100121,30464,Redmi 9 Power Mighty Black 4GB+128GB,1,SUMANA MAJI,7797259052,satyajitmaji72@gmail.com,,,1/29/2021 19:39,11999,Cash,Completed,
SONAR BANGLA SHOPPING COMPLEX,West Bengal,,SA1215272006557513,S290439012100120,30648,Redmi 9 Power Electric Green 4GB+128GB,1,SUMITA DAS,6295826778,sdas06578@gmail.com,,,1/29/2021 18:49,11999,Cash,Completed,
SONAR BANGLA SHOPPING COMPLEX,West Bengal,,SA1215282179538110,S290439012100119,28356,Mi USB Type C Cable Black,1,SASANKA SAMANTA,7074238926,sasankasamanta52141@gmail.com,,,1/29/2021 14:24,199,Cash,Completed,
SONAR BANGLA SHOPPING COMPLEX,West Bengal,,SA1215272006617813,S290439012100118,28356,Mi USB Type C Cable Black,1,SURAJIT KARAN,8597572776,karansurajit@gmail.com,,,1/29/2021 11:38,199,Cash,Completed,
SONAR BANGLA SHOPPING COMPLEX,West Bengal,,SA1215262201255123,S290439012100117,28164,Redmi Note 9 Pro Interstellar Black 4GB+128GB,1,SUBHADIP BHOWMIK,8016968285,bhowmiksubhadip15@gmail.com,,,1/29/2021 11:09,13999,Cash,Completed,
SONAR BANGLA SHOPPING COMPLEX,West Bengal,,SA1215282179854330,S290439012100116,21025,Mi Micro USB Braided Cable 100cm(Black),1,TAPAS JANA,9933698359,tapasjana@gmail.com,,,1/28/2021 18:13,249,Cash,Completed,
SONAR BANGLA SHOPPING COMPLEX,West Bengal,,SA1215282096270931,S290439012100115,30419,Redmi Note 9 Shadow Black 4GB+64GB,1,TAPAN DAS,9773452794,tapanhdfc@gmail.com,,,1/28/2021 16:37,11999,Cash,Completed,
SONAR BANGLA SHOPPING COMPLEX,West Bengal,,SA1215272006933717,S290439012100114,30650,Redmi 9 Power Blazing Blue 4GB+128GB,1,KOUSIK MAJI,8348458092,quizloverkousik@gmail.com,,,1/28/2021 16:13,11999,Cash,Completed,
SONAR BANGLA SHOPPING COMPLEX,West Bengal,,SA1215262135201128,S290439012100113,28164,Redmi Note 9 Pro Interstellar Black 4GB+128GB,1,KAKALI ADAK,9932315146,kadak1992@gmail.com,,,1/28/2021 12:26,13999,Cash,Completed,
SONAR BANGLA SHOPPING COMPLEX,West Bengal,,SA1215262157253827,S290439012100112,28659,Redmi 9 Prime Mint Green 4GB+128GB,1,RAJU MONDAL,962843798,mondalraju@gmail.com,,,1/28/2021 12:25,10999,Cash,Completed,
SONAR BANGLA SHOPPING COMPLEX,West Bengal,,SA1215252195984129,S290439012100111,30650,Redmi 9 Power Blazing Blue 4GB+128GB,1,AKASH MAITY,9735359141,maityakash@gmail.com,,,1/28/2021 12:23,11999,Cash,Completed,
SONAR BANGLA SHOPPING COMPLEX,West Bengal,,SA1215262201894509,S290439012100110,30239,Redmi 9i Nature Green 4GB+128GB,1,SUCHDNDRIKA BARMAN,9832211391,tanmoy98322113@gmail.com,,,1/27/2021 19:56,8999,Cash,Completed,
SONAR BANGLA SHOPPING COMPLEX,West Bengal,,SA1215242127947117,S290439012100109,27380,Redmi Note 9 Pro Max Aurora Blue 6GB+64GB,1,PAYAL JANA,9735609351,payaljana142@gmail.com,,,1/27/2021 18:32,14999,Cash,Completed,
SONAR BANGLA SHOPPING COMPLEX,West Bengal,,SA1215242195490611,S290439012100108,29454,Redmi 9 Sky Blue 4GB+64GB,1,BUBAI ADAK,8250932658,adakbubai2@gmail.com,,,1/27/2021 18:14,8999,Cash,Completed,
SONAR BANGLA SHOPPING COMPLEX,West Bengal,,SA1215242127202302,S290439012100107,23631,Mi Smart Band 3i Black,1,SYAMASREE PAUL,9609617374,syamasreepaul@gmail.com,,,1/27/2021 14:03,1299,Cash,Completed,
SONAR BANGLA SHOPPING COMPLEX,West Bengal,,SA1215242127203502,S290439012100106,23794,Mi 2A Fast Charger with Cable Black,1,RAHUL MAITY,8918602571,rahulmaity@gmail.com,,,1/27/2021 13:54,449,Cash,Completed,
SONAR BANGLA SHOPPING COMPLEX,West Bengal,,SA1215262135024826,S290439012100105,27379,Redmi Note 9 Pro Max Interstellar Black 6GB+64GB,1,SANAJIT BERA,8927038721,sanajitb66@gmail.com,,,1/27/2021 9:48,14999,Cash,Completed,
SONAR BANGLA SHOPPING COMPLEX,West Bengal,,SA1215242127245602,S290439012100104,28323,Redmi Earphones Blue,1,MOUMITA DEY,6295649378,deymoumita@gmail.com,,,1/26/2021 19:10,399,Cash,Completed,
SONAR BANGLA SHOPPING COMPLEX,West Bengal,,SA1215242195581911,S290439012100103,27379,Redmi Note 9 Pro Max Interstellar Black 6GB+64GB,1,RAJU MAL,6294585773,rajumal@gmail.com,,,1/26/2021 17:10,14999,Cash,Completed,
SONAR BANGLA SHOPPING COMPLEX,West Bengal,,SA1215252171488130,S290439012100102,28940,Redmi 9A Midnight Black 3GB+32GB,1,PUSPANJALI MOBILE,801611023,puspa@gmail.com,,,1/26/2021 13:31,7499,Cash,Completed,
SONAR BANGLA SHOPPING COMPLEX,West Bengal,,SA1215252116972516,S290439012100101,23545,Mi Flex Phone Grip and Stand Black,1,SOURANIL MAITY,7318604496,souranil@gmail.com,,,1/26/2021 10:27,149,Cash,Completed,
SONAR BANGLA SHOPPING COMPLEX,West Bengal,,SA1215232203423032,S290439012100100,29454,Redmi 9 Sky Blue 4GB+64GB,1,SWAPAN BERA,9679804478,beraswapan190393@gmail.com,,,1/25/2021 18:28,8999,Cash,Completed,
SONAR BANGLA SHOPPING COMPLEX,West Bengal,,SA1215232129778201,S290439012100099,23545,Mi Flex Phone Grip and Stand Black,1,ARIJIT HAZRA,7685946140,arijieethazra333@gmail.com,,,1/25/2021 18:13,11148,Cash,Completed,
SONAR BANGLA SHOPPING COMPLEX,West Bengal,,SA1215242116501023,,23545,Mi Flex Phone Grip and Stand Black,1,ARIJIT HAZRA,7685946140,aarijeethazra333@gmail.com,,,1/25/2021 18:11,11648,Wallet,Closed,
SONAR BANGLA SHOPPING COMPLEX,West Bengal,,SA1215242195661611,,30651,Redmi 9 Power Blazing Blue 4GB+64GB,1,ARIJIT HAZRA,7685946140,arijeethazra333@gmail.com,,,1/25/2021 18:08,10999,Wallet,Closed,
SONAR BANGLA SHOPPING COMPLEX,West Bengal,,SA1215232203707215,S290439012100098,30419,Redmi Note 9 Shadow Black 4GB+64GB,1,SUVAJIT MAITY,8609496916,SUVIJITMAITY125@GMAIL.COM,,,1/25/2021 16:24,11999,Cash,Completed,
SONAR BANGLA SHOPPING COMPLEX,West Bengal,,SA1215242127622512,S290439012100097,30419,Redmi Note 9 Shadow Black 4GB+64GB,1,SOMA PAL,9735657773,SOMAPAL14750@GMAIL.COM,,,1/25/2021 16:21,11999,Cash,Completed,
SONAR BANGLA SHOPPING COMPLEX,West Bengal,,SA1215232196892825,S290439012100096,30646,Redmi 9 Power Mighty Black 4GB+64GB,1,SOMNATH KOLA,6296280552,maitiarjit0552@gmail.com,,,1/25/2021 16:08,10999,Cash,Completed,
SONAR BANGLA SHOPPING COMPLEX,West Bengal,,SA1215232129524718,S290439012100095,27319,Mi Beard Trimmer 1C Black,1,SK NADIM ISLAM,9339188720,sk.nadimali@gmail.com,,,1/25/2021 14:27,999,Cash,Completed,
SONAR BANGLA SHOPPING COMPLEX,West Bengal,,SA1215232203727715,S290439012100094,29454,Redmi 9 Sky Blue 4GB+64GB,1,DIPA PAL,8001140551,DIPAPAL154@GMAIL.COM,,,1/25/2021 13:30,8999,Cash,Completed,
SONAR BANGLA SHOPPING COMPLEX,West Bengal,,SA1215242116016403,S290439012100093,28656,Redmi 9 Prime Space Blue 4GB+64GB,1,SANKHADIP MAITY,8016513034,SANKHADIPMAITY@GMAIL.COM,,,1/25/2021 13:30,9499,Cash,Completed,
SONAR BANGLA SHOPPING COMPLEX,West Bengal,,SA1215232173946916,S290439012100092,29454,Redmi 9 Sky Blue 4GB+64GB,1,TAPASI PAL,8862958045,TAPASIPAL@GMAIL.COM,,,1/25/2021 13:28,8999,Cash,Completed,
SONAR BANGLA SHOPPING COMPLEX,West Bengal,,SA1215232196650428,S290439012100091,28656,Redmi 9 Prime Space Blue 4GB+64GB,1,RAJU ROY,8016512545,RAJU121@GMAIL.COM,,,1/25/2021 13:07,9499,Cash,Completed,
SONAR BANGLA SHOPPING COMPLEX,West Bengal,,SA1215242195698411,S290439012100090,28656,Redmi 9 Prime Space Blue 4GB+64GB,1,ANSIHA KHATUN,7583924711,KHATUNANSIHA@GMAIL.COM,,,1/25/2021 12:27,9499,Cash,Completed,
SONAR BANGLA SHOPPING COMPLEX,West Bengal,,SA1215222173443731,S290439012100089,23794,Mi 2A Fast Charger with Cable Black,1,SAMIRAN RAM,8159028525,ramsamiram38159028525@gmail.com,,,1/24/2021 18:19,449,Cash,Completed,
SONAR BANGLA SHOPPING COMPLEX,West Bengal,,SA1215232113256610,S290439012100088,28656,Redmi 9 Prime Space Blue 4GB+64GB,1,SK SARFARAZ ALI,7363028125,sksarfaraz@gmail.com,,,1/24/2021 18:08,9499,Cash,Completed,
SONAR BANGLA SHOPPING COMPLEX,West Bengal,,SA1215232175939520,S290439012100087,28163,Redmi Note 9 Pro Champagne Gold 6GB+128GB,1,MRINMOY PAUL,7585851491,mmrinmoy784@gmail.com,,,1/24/2021 17:17,16999,Cash,Completed,
SONAR BANGLA SHOPPING COMPLEX,West Bengal,,SA1215232113316910,S290439012100086,28655,Redmi 9 Prime Mint Green 4GB+64GB,1,LAKSHMI GAYEN,7718442964,lakhmigayen@gmail.com,,,1/24/2021 11:08,9499,Cash,Completed,
SONAR BANGLA SHOPPING COMPLEX,West Bengal,,SA1215232196514521,S290439012100085,30031,Mi TV 4A 80cm (32) Horizon Edition Grey,1,SUSANTA KHANRA,8016600798,hossainaslam79745@gmail.com,,,1/24/2021 10:55,14999,Cash,Completed,
SONAR BANGLA SHOPPING COMPLEX,West Bengal,,SA1215232196791328,S290439012100084,27874,Redmi Note 9 Scarlet Red 4GB+64GB,1,SUPRIYA GANTAIT,9932729526,supriya@gmail.com,,,1/23/2021 19:57,11999,Cash,Completed,
SONAR BANGLA SHOPPING COMPLEX,West Bengal,,SA1215232175744226,S290439012100083,27383,Redmi Note 9 Pro Max Interstellar Black 6GB+128GB,1,SK SADDM ALI,8327445676,saddamali@gmail.com,,,1/23/2021 19:39,17499,Cash,Completed,
SONAR BANGLA SHOPPING COMPLEX,West Bengal,,SA1215222165213411,S290439012100082,28322,Redmi Earphones Red,1,SK INJAMUL ALI,8159905521,INJAMULALI793@GMAIL.COM,,,1/23/2021 19:07,349,Cash,Completed,
SONAR BANGLA SHOPPING COMPLEX,West Bengal,,SA1215232203075025,S290439012100081,28322,Redmi Earphones Red,1,MAHADAB DHARA,9609497875,mahadabdhara@gmail.com,,,1/23/2021 18:39,349,Cash,Completed,
SONAR BANGLA SHOPPING COMPLEX,West Bengal,,SA1215222201647007,S290439012100080,28322,Redmi Earphones Red,1,MALAY SINGHA,7074505311,MALAYSINGHA193@GMAIL.COM,,,1/23/2021 17:53,349,Cash,Completed,
SONAR BANGLA SHOPPING COMPLEX,West Bengal,,SA1215222201127323,S290439012100079,28323,Redmi Earphones Blue,1,BAPPA DITYA MONDAL,8016191261,bappadityamondal11@gmail.com,,,1/23/2021 17:48,349,Cash,Completed,
SONAR BANGLA SHOPPING COMPLEX,West Bengal,,SA1215212152203526,S290439012100078,30650,Redmi 9 Power Blazing Blue 4GB+128GB,1,ARINDAM JANA,7318845360,janaarindam2013@gmail.com,,,1/23/2021 17:00,11999,Cash,Completed,
SONAR BANGLA SHOPPING COMPLEX,West Bengal,,SA1215212180077515,S290439012100077,23867,Mi 27W Superfast Charger (SonicCharge Adapter) white,1,PUJA MAITY,9679959427,pujamaity@gmail.com,,,1/23/2021 16:46,449,Cash,Completed,
SONAR BANGLA SHOPPING COMPLEX,West Bengal,,SA1215222173606131,S290439012100076,28168,Redmi Note 9 Pro Max Champagne Gold 6GB+64GB,1,SUJIT KUMAR DAS,7074674404,sumitdas2502@gmail.com,,,1/23/2021 12:45,14999,Cash,Completed,
SONAR BANGLA SHOPPING COMPLEX,West Bengal,,SA1215222201205223,S290439012100075,27334,Redmi Note 9 Pro Aurora Blue 4GB+64GB,1,SAKSHI BAGHA,8520147963,SAKSHI@GMAIL.COM,,,1/22/2021 21:27,12999,Cash,Completed,
SONAR BANGLA SHOPPING COMPLEX,West Bengal,,SA1215212152274226,S290439012100074,28657,Redmi 9 Prime Sunrise Flare 4GB+64GB,1,MODHUMITA DIKIT,8116448212,modhumitadikit@gmail.com,,,1/22/2021 20:44,9499,Cash,Completed,
SONAR BANGLA SHOPPING COMPLEX,West Bengal,,SA1215212152074027,S290439012100073,23794,Mi 2A Fast Charger with Cable Black,1,NABIN JANA,7029211863,jananabin@gmail.com,,,1/22/2021 16:02,449,Cash,Completed,
SONAR BANGLA SHOPPING COMPLEX,West Bengal,,SA1215202146159917,S290439012100072,25957,Mi Braided USB Type-C Cable Red .,1,SK ASIF ISHLAM,7586868176,iasif022@gmail.com,,,1/22/2021 10:57,299,Cash,Completed,
SONAR BANGLA SHOPPING COMPLEX,West Bengal,,SA1215182198241709,S290439012100071,25957,Mi Braided USB Type-C Cable Red .,1,DHANANJOY DAS,7699680184,97dhananjoydas@gmail.com,,,1/21/2021 18:56,299,Cash,Completed,
SONAR BANGLA SHOPPING COMPLEX,West Bengal,,SA1215202122881313,S290439012100070,28647,20000mAh Mi Power Bank 3i Black,1,SUBHADIP BERA,6235713185,subhadipbera612@gmail.com,,,1/21/2021 18:23,1399,Cash,Completed,
SONAR BANGLA SHOPPING COMPLEX,West Bengal,,SA1215202122619502,S290439012100069,23964,Mi 2-in-1 USB Cable (Micro USB to Type C) 100cm Black,1,SK SDDAM HUSSAIN,8778804187,sksaddam@gmail.com,,,1/21/2021 18:22,249,Cash,Completed,
SONAR BANGLA SHOPPING COMPLEX,West Bengal,,SA1215182182761032,S290439012100068,27333,Redmi Note 9 Pro Interstellar Black 4GB+64GB,1,SUBRATA SAMANTA,8116520068,subratasamanata07@gmail.com,,,1/21/2021 13:33,12999,Cash,Completed,
SONAR BANGLA SHOPPING COMPLEX,West Bengal,,SA1215182198128715,S290439012100067,29762,Redmi Earbuds 2C Black,1,SOURANIL MAITY,7318604496,souranil1910@gmail.com,,,1/20/2021 10:23,1499,Cash,Completed,
SONAR BANGLA SHOPPING COMPLEX,West Bengal,,SA1215162215489313,S290439012100066,28323,Redmi Earphones Blue,1,SANJU BURMAN,9883265530,barmansanju@gmail.com,,,1/19/2021 18:09,399,Cash,Completed,
SONAR BANGLA SHOPPING COMPLEX,West Bengal,,SA1215182118776701,S290439012100065,30651,Redmi 9 Power Blazing Blue 4GB+64GB,1,SK NURSALAM,8391027830,snurislam657@gmail.com,,,1/19/2021 16:49,10999,Cash,Completed,
SONAR BANGLA SHOPPING COMPLEX,West Bengal,,SA1215172189171530,S290439012100064,30392,Redmi 9 Sporty Orange 4GB+128GB,1,UTTAM SAMANTA,9732802449,uttamsamanta@gmail.com,,,1/19/2021 16:24,9999,Cash,Completed,
SONAR BANGLA SHOPPING COMPLEX,West Bengal,,SA1215192198706408,S290439012100063,25957,Mi Braided USB Type-C Cable Red .,1,SK NASIRUDDIN,9732457129,nasiruddin7216429@gmail.com,,,1/19/2021 16:03,299,Cash,Completed,
SONAR BANGLA SHOPPING COMPLEX,West Bengal,,SA1215182118009618,S290439012100062,30646,Redmi 9 Power Mighty Black 4GB+64GB,1,RAKHI MANNA,9732148624,rmanna@gmail.com,,,1/19/2021 12:41,10999,Cash,Completed,
SONAR BANGLA SHOPPING COMPLEX,West Bengal,,SA1215172189734719,S290439012100061,30651,Redmi 9 Power Blazing Blue 4GB+64GB,1,MATIUR ALI SHAH,6294586445,mdmatiur258@gmail.com,,,1/19/2021 12:00,10999,Cash,Completed,
SONAR BANGLA SHOPPING COMPLEX,West Bengal,,SA1215162215270202,S290439012100060,29762,Redmi Earbuds 2C Black,1,SYAN PATRA,6294681733,sayanpatra721@gmail.com,,,1/19/2021 11:41,1499,Cash,Completed,
SONAR BANGLA SHOPPING COMPLEX,West Bengal,,SA1215182166866504,S290439012100059,25083,Mi Dual Driver In-ear Earphones Blue,1,SYAN PATRA,6294681733,sayanpatra721@gmail.com,,,1/19/2021 11:38,799,Cash,Completed,
SONAR BANGLA SHOPPING COMPLEX,West Bengal,,SA1215172255398317,S290439012100058,29762,Redmi Earbuds 2C Black,1,MADAN MAITY,9933621403,madan@gmail.com,,,1/18/2021 19:53,1499,Cash,Completed,
SONAR BANGLA SHOPPING COMPLEX,West Bengal,,SA1215162238094612,S290439012100057,27334,Redmi Note 9 Pro Aurora Blue 4GB+64GB,1,SUKDEB BURMAN,9647998105,burmansukdeb59@gmail.com,,,1/18/2021 18:44,12999,Cash,Completed,
SONAR BANGLA SHOPPING COMPLEX,West Bengal,,SA1215152163861120,S290439012100056,25083,Mi Dual Driver In-ear Earphones Blue,1,SUBHANKAR DAS,9804218609,subhankardas.com@gmail.com,,,1/18/2021 10:33,799,Card,Completed,
SONAR BANGLA SHOPPING COMPLEX,West Bengal,,SA1215152155834207,S290439012100055,27334,Redmi Note 9 Pro Aurora Blue 4GB+64GB,1,ASIS MONDAL,7478213665,subrataari7@gmail.com,,,1/17/2021 13:15,12999,Cash,Completed,
SONAR BANGLA SHOPPING COMPLEX,West Bengal,,SA1215172255533917,S290439012100054,27881,Redmi Note 9 Pebble Grey 6GB+128GB,1,SARMIRAJ ALI,8768455717,sksarmiraj621@gmail.com,,,1/17/2021 11:55,14499,Cash,Completed,
SONAR BANGLA SHOPPING COMPLEX,West Bengal,,SA1215132181468729,S290439012100053,28647,20000mAh Mi Power Bank 3i Black,1,KAMALESH MISHRA,8389858370,kamaleshmishra1996@gmail.com,,,1/16/2021 17:41,1499,Cash,Completed,
SONAR BANGLA SHOPPING COMPLEX,West Bengal,,SA1215142163438224,S290439012100052,28323,Redmi Earphones Blue,1,MRITYUNJOY,8945991293,mrityunjoybarman55@gmail.com,,,1/16/2021 15:36,399,Cash,Completed,
SONAR BANGLA SHOPPING COMPLEX,West Bengal,,SA1215152101507626,S290439012100051,27381,Redmi Note 9 Pro Max Glacier White 6GB+64GB,1,PARTHA BERA,7021957425,partha171998@gmail.com,,,1/16/2021 12:46,15999,Cash,Completed,
SONAR BANGLA SHOPPING COMPLEX,West Bengal,,SA1215152113355428,S290439012100050,28162,Redmi Note 9 Pro Aurora Blue 4GB+128GB,1,DHIRENDRA NATH BAKSHI,7407655333,dhirendranath1982@gmail.com,,,1/15/2021 17:04,14499,Cash,Completed,
SONAR BANGLA SHOPPING COMPLEX,West Bengal,,SA1215112134774624,S290439012100049,30392,Redmi 9 Sporty Orange 4GB+128GB,1,DHUBA PRASAD PAL,9735708064,dhrubaprasad@gmail.com,,,1/14/2021 12:34,9999,Cash,Completed,
SONAR BANGLA SHOPPING COMPLEX,West Bengal,,SA1215102202893202,S290439012100048,28162,Redmi Note 9 Pro Aurora Blue 4GB+128GB,1,LAKSHMIKANTA ROUTH,9564355413,lakshmikantarouth968@gmail.com,,,1/12/2021 17:39,14499,Cash,Completed,
SONAR BANGLA SHOPPING COMPLEX,West Bengal,,SA1215112171186127,S290439012100047,28655,Redmi 9 Prime Mint Green 4GB+64GB,1,SAMIMA YEASMIN,7699716404,skmijanurrahaman123@gamail.com,,,1/12/2021 16:26,9999,Cash,Completed,
SONAR BANGLA SHOPPING COMPLEX,West Bengal,,SA1215112134106922,S290439012100046,27380,Redmi Note 9 Pro Max Aurora Blue 6GB+64GB,1,PRITIKANA DINDA DAS,9564228135,dindapritikana@gmail.com,,,1/12/2021 15:52,15999,Cash,Completed,
SONAR BANGLA SHOPPING COMPLEX,West Bengal,,SA1215092165533607,S290439012100045,30093,Mi 10T Pro Cosmic Black 8GB+128GB,1,SOMA HAZRA,9547726313,pratikmetya@gmail.com,,,1/12/2021 15:42,39999,Cash,Completed,
SONAR BANGLA SHOPPING COMPLEX,West Bengal,,SA1215112006611930,S290439012100044,14539,Mi Selfie Stick Black,1,AVIJIT DAS,9064479234,avijitdas593@gmail.com,,,1/12/2021 10:23,799,Cash,Completed,
SONAR BANGLA SHOPPING COMPLEX,West Bengal,,SA1215112134713214,S290439012100043,28655,Redmi 9 Prime Mint Green 4GB+64GB,1,ABDUL HANIF,7318921506,skinternet2018@gmail.com,,,1/11/2021 19:32,9999,Cash,Completed,
SONAR BANGLA SHOPPING COMPLEX,West Bengal,,SA1215112006913219,S290439012100042,21025,Mi Micro USB Braided Cable 100cm(Black),1,RAGHUNATH MAITY,6295586843,raghu@gmail.com,,,1/11/2021 17:37,249,Cash,Completed,
SONAR BANGLA SHOPPING COMPLEX,West Bengal,,SA1215092264545426,S290439012100041,28161,Redmi Note 9 Pro Champagne Gold 4GB+64GB,1,SUSMITA JANA,8001220047,susmitajana14@gmail.com,,,1/11/2021 15:08,12999,Cash,Completed,
SONAR BANGLA SHOPPING COMPLEX,West Bengal,,SA1215092165357208,S290439012100040,25956,Mi Braided USB Type-C Cable Black,1,RATAN KUMAR DINDA,9002994590,ratankumardina591@gmail.com,,,1/11/2021 13:07,299,Cash,Completed,
SONAR BANGLA SHOPPING COMPLEX,West Bengal,,SA1215082162923318,S290439012100039,28161,Redmi Note 9 Pro Champagne Gold 4GB+64GB,1,ARPAN PARUA,9002229622,arpan.parua2002@gmail.com,,,1/11/2021 12:11,12999,Cash,Completed,
SONAR BANGLA SHOPPING COMPLEX,West Bengal,,SA1215082162943718,S290439012100038,27999,Mi Simpleway Foaming Hand Wash (1-Pack) White,1,ABHISEK SAHOO,7679123456,manikcheterjee@gmail.com,,,1/10/2021 20:40,22001,Cash,Completed,
SONAR BANGLA SHOPPING COMPLEX,West Bengal,,SA1215092264856809,,30659,Mi 10i Atlantic Blue 6GB+128GB,1,ABHISEK SAHOO,7679123456,mankucheterjee@gmail.com,,,1/10/2021 20:38,21999,Wallet,Closed,
SONAR BANGLA SHOPPING COMPLEX,West Bengal,,SA1215072147073931,S290439012100037,30238,Redmi 9i Sea Blue 4GB+64GB,1,BINAY HAIT,9734596714,suvenduhait567@gmail.com,,,1/10/2021 17:33,8299,Cash,Completed,
SONAR BANGLA SHOPPING COMPLEX,West Bengal,,SA1215082264108721,S290439012100036,30238,Redmi 9i Sea Blue 4GB+64GB,1,DEBASREE JANA,9674636018,sumanhutait275@gmail.com,,,1/10/2021 16:38,8299,Cash,Completed,
SONAR BANGLA SHOPPING COMPLEX,West Bengal,,SA1215072147644410,S290439012100035,27998,Mi Automatic Soap Dispenser White,1,SYAN PATRA,6294681733,sayanpatra721@gmail.com,,,1/10/2021 14:57,22001,Cash,Completed,
SONAR BANGLA SHOPPING COMPLEX,West Bengal,,SA1215072162192006,S290439012100034,28658,Redmi 9 Prime Matte Black 4GB+64GB,1,SAYAN PATRA,9091516025,patrasayan@gmail.com,,,1/10/2021 13:14,9999,Cash,Completed,
SONAR BANGLA SHOPPING COMPLEX,West Bengal,,SA1215082264136121,S290439012100033,23964,Mi 2-in-1 USB Cable (Micro USB to Type C) 100cm Black,1,PRASANTA KAR,8918558128,karunder@gmail.com,,,1/10/2021 13:02,249,Cash,Completed,
SONAR BANGLA SHOPPING COMPLEX,West Bengal,,SA1215082258099414,S290439012100032,21025,Mi Micro USB Braided Cable 100cm(Black),1,SOURAV MISHRA,9547878343,mioshra.sourav9547@gmail.com,,,1/9/2021 19:46,249,Cash,Completed,
SONAR BANGLA SHOPPING COMPLEX,West Bengal,,SA1215072147692410,S290439012100031,27075,Redmi SonicBass Wireless Earphones Black,1,BIDYUT SAMANTA,7890978923,bidyutsamanta923@gmail.com,,,1/9/2021 19:25,1299,Cash,Completed,
SONAR BANGLA SHOPPING COMPLEX,West Bengal,,SA1215072101094312,S290439012100030,22352,20000mAh Mi Power Bank 2i Black,1,SOURAV MISHRA,9547878343,mishra.sourav9547@gmail.com,,,1/9/2021 19:18,4498,Cash,Completed,
SONAR BANGLA SHOPPING COMPLEX,West Bengal,,SA1215092264978809,S290439012100029,30088,Mi 10T Pro Lunar Silver 8GB+128GB,1,NITAI ADHIKARY,8208508446,nitaiadhikary22@gmail.com,,,1/9/2021 16:49,39999,Cash,Completed,
SONAR BANGLA SHOPPING COMPLEX,West Bengal,,SA1215082162511122,,30088,Mi 10T Pro Lunar Silver 8GB+128GB,1,NITAI ADHIKARY,8208508446,nitaiadhikari22@gmail.com,,,1/9/2021 16:48,30999,Wallet,Closed,
SONAR BANGLA SHOPPING COMPLEX,West Bengal,,SA1215052133399226,S290439012100028,30651,Redmi 9 Power Blazing Blue 4GB+64GB,1,SWAPAN DHARA,8159029164,asimab1997@gmail.com,,,1/8/2021 20:17,10999,Cash,Completed,
SONAR BANGLA SHOPPING COMPLEX,West Bengal,,SA1215062119057923,S290439012100027,30651,Redmi 9 Power Blazing Blue 4GB+64GB,1,GOUTAM KAR,9732813661,goutamkar1968@gmail.com,,,1/8/2021 18:46,10999,Cash,Completed,
SONAR BANGLA SHOPPING COMPLEX,West Bengal,,SA1215052107627324,S290439012100026,28322,Redmi Earphones Red,1,JAHANARA BAGHAM,9933315832,jahanara@gmail.com,,,1/8/2021 14:54,848,Cash,Completed,
SONAR BANGLA SHOPPING COMPLEX,West Bengal,,SA1215072162063319,S290439012100025,30651,Redmi 9 Power Blazing Blue 4GB+64GB,1,JAHANARA BAGHAM,9933315832,skahangir4580@gmail.com,,,1/8/2021 14:30,10999,Cash,Completed,
SONAR BANGLA SHOPPING COMPLEX,West Bengal,,SA1215072101197712,S290439012100024,25956,Mi Braided USB Type-C Cable Black,1,IKBAL,7319339325,IKBAL@GMAIL.COM,,,1/8/2021 14:27,1898,Cash,Completed,
SONAR BANGLA SHOPPING COMPLEX,West Bengal,,SA1215062180862903,S290439012100023,29342,Redmi 9 Carbon Black 4GB+64GB,1,rakhal majee,6294585884,rakhalmajeee@gmail.com,,,1/7/2021 20:28,8999,Cash,Completed,
SONAR BANGLA SHOPPING COMPLEX,West Bengal,,SA1215052107943504,S290439012100022,27334,Redmi Note 9 Pro Aurora Blue 4GB+64GB,1,BADAL BARMAN,8348928911,monoranjan875@gmail.com,,,1/7/2021 19:22,12999,Cash,Completed,
SONAR BANGLA SHOPPING COMPLEX,West Bengal,,SA1215052107145327,,23961,Mi Motion Activated Night Light 2,1,DR SAIKAT PATRA,9002666333,itsmesaikatpatra@gmail.com,,,1/7/2021 19:06,599,Wallet,Closed,
SONAR BANGLA SHOPPING COMPLEX,West Bengal,,SA1215032198920513,S290439012100021,25291,Mi Home Security  Camera 360бу 1080P white.,1,TAMANISH RAUL,8967521252,tamanishraul1992@gmail.com,,,1/7/2021 12:01,2899,Cash,Completed,
SONAR BANGLA SHOPPING COMPLEX,West Bengal,,SA1215062180641808,S290439012100020,27334,Redmi Note 9 Pro Aurora Blue 4GB+64GB,1,CHANDAN DAS,9635504853,chandandas@gmail.com,,,1/7/2021 11:35,12999,Cash,Completed,
SONAR BANGLA SHOPPING COMPLEX,West Bengal,,SA1215052107522620,S290439012100019,26965,Redmi 8A Dual Sea Blue 2GB+32GB,1,MALAY HAZRA,9932134355,diyahazra2017@gmail.com,,,1/6/2021 14:43,6999,Cash,Completed,
SONAR BANGLA SHOPPING COMPLEX,West Bengal,,SA1215052144902109,S290439012100018,21025,Mi Micro USB Braided Cable 100cm(Black),1,sk samir ali,7908502779,samirali@gmail.com,,,1/6/2021 14:39,249,Cash,Completed,
SONAR BANGLA SHOPPING COMPLEX,West Bengal,,SA1215052144121501,S290439012100017,30238,Redmi 9i Sea Blue 4GB+64GB,1,SK ATABUL,6380068159,askfaruk626@gmail.com,,,1/6/2021 9:33,8299,Cash,Completed,
SONAR BANGLA SHOPPING COMPLEX,West Bengal,,SA1215052144410128,S290439012100016,25742,Mi Step Out Backpack Red,1,SUBHADEEP DEY,9474975545,aubhadeepdey@gmail.com,,,1/5/2021 18:50,299,Cash,Completed,
SONAR BANGLA SHOPPING COMPLEX,West Bengal,,SA1215022198486323,S290439012100015,20262,Mi Sports Bluetooth Earphones Basic Black,1,RABI KUMAR,9113388255,rabikumar@gmail.com,,,1/5/2021 10:51,1299,Cash,Completed,
SONAR BANGLA SHOPPING COMPLEX,West Bengal,,SA1215042142540630,S290439012100014,27380,Redmi Note 9 Pro Max Aurora Blue 6GB+64GB,1,SUDIP BARMAN,9933117213,sudipadmission@gmail.com,,,1/4/2021 20:31,15999,Cash,Completed,
SONAR BANGLA SHOPPING COMPLEX,West Bengal,,SA1215012314121404,S290439012100013,28162,Redmi Note 9 Pro Aurora Blue 4GB+128GB,1,DIPANKAR MAHAPATRA,8806595958,amaiti2019@gmail.com,,,1/4/2021 17:52,14999,Cash,Completed,
SONAR BANGLA SHOPPING COMPLEX,West Bengal,,SA1215032148109613,S290439012100012,30651,Redmi 9 Power Blazing Blue 4GB+64GB,1,SK ADIL SUILTAN,8145037716,skadilsultan@gmail.com,,,1/4/2021 16:57,10999,Cash,Completed,
SONAR BANGLA SHOPPING COMPLEX,West Bengal,,SA1215042106234029,S290439012100011,30651,Redmi 9 Power Blazing Blue 4GB+64GB,1,PRITAM DAS,8545452145,pritamsdas@gmail.com,,,1/4/2021 16:07,21998,Cash,Completed,
SONAR BANGLA SHOPPING COMPLEX,West Bengal,,SA1208662195232806,S290439012100010,25956,Mi Braided USB Type-C Cable Black,1,PULAMI MAITY,7063223976,pulammaity12@gmail.com,,,1/4/2021 9:28,299,Cash,Completed,
SONAR BANGLA SHOPPING COMPLEX,West Bengal,,SA1215032148690402,S290439012100009,30238,Redmi 9i Sea Blue 4GB+64GB,1,BISWESWAR SAMANTA,7477319944,bimalbera86@gmail.com,,,1/3/2021 18:04,8299,Cash,Completed,
SONAR BANGLA SHOPPING COMPLEX,West Bengal,,SA1208662176746416,S290439012100008,28322,Redmi Earphones Red,1,SHILPA MANNA,7431079040,shilpamma019@gmail.com,,,1/3/2021 10:28,399,Cash,Completed,
SONAR BANGLA SHOPPING COMPLEX,West Bengal,,SA1215012225684918,S290439012100007,28356,Mi USB Type C Cable Black,1,SUBHAJIT MAITY,7978811047,maitysubhajit710@gmail.com,,,1/2/2021 16:46,199,Cash,Completed,
SONAR BANGLA SHOPPING COMPLEX,West Bengal,,SA1208662138222913,S290439012100006,28322,Redmi Earphones Red,1,SAYAN METYA,6297499156,www.sayanmetya52@gmail.com,,,1/2/2021 12:32,399,Cash,Completed,
SONAR BANGLA SHOPPING COMPLEX,West Bengal,,SA1208662138776617,S290439012100005,28322,Redmi Earphones Red,1,PRATIK METYA,7384674565,pratikmetya@gmail.com,,,1/2/2021 11:45,399,Cash,Completed,
SONAR BANGLA SHOPPING COMPLEX,West Bengal,,SA1215012297260524,S290439012100004,23964,Mi 2-in-1 USB Cable (Micro USB to Type C) 100cm Black,1,VOLANATH GHOSH,9883629593,volanathghosh255@gmail.com,,,1/2/2021 11:03,249,Cash,Completed,
SONAR BANGLA SHOPPING COMPLEX,West Bengal,,SA1208662195643310,S290439012100003,30650,Redmi 9 Power Blazing Blue 4GB+128GB,1,BIMAL JANA,9636564686,bimaljana@gmail.com,,,1/1/2021 19:17,11999,Cash,Completed,
SONAR BANGLA SHOPPING COMPLEX,West Bengal,,SA1208652168456923,S290439012100002,27334,Redmi Note 9 Pro Aurora Blue 4GB+64GB,1,ARPITA DINDA,6297548855,krishnasmaitiv@gmail.com,,,1/1/2021 15:07,12999,Cash,Completed,
SONAR BANGLA SHOPPING COMPLEX,West Bengal,,SA1208652114411707,S290439012100001,28322,Redmi Earphones Red,1,RANAJIT MONDAL,8371086524,ranajitmondal261@gmail.com,,,1/1/2021 9:47,399,Cash,Completed,
SONAR BANGLA SHOPPING COMPLEX,West Bengal,,SA1208652222879828,S290439122000061,30651,Redmi 9 Power Blazing Blue 4GB+64GB,1,raju roy,9339214006,rajuroy656@gmail.com,,,12/31/2020 20:17,10999,Cash,Completed,
SONAR BANGLA SHOPPING COMPLEX,West Bengal,,SA1208652222618932,,30651,Redmi 9 Power Blazing Blue 4GB+64GB,1,raju roy,9339214006,rajuroy656@gmail.com,,,12/31/2020 20:16,10499,Wallet,Closed,
SONAR BANGLA SHOPPING COMPLEX,West Bengal,,SA1208622153340802,S290439122000060,27076,Redmi SonicBass Wireless Earphones Blue,1,GOKUL MIDYA,9734678803,gokulmidya@gmail.com,,,12/30/2020 17:34,1299,Cash,Completed,
SONAR BANGLA SHOPPING COMPLEX,West Bengal,,SA1208632119806419,S290439122000059,27260,Redmi Note 9 Pro Interstellar Black 6GB+128GB,1,MANAS MAITY,6294056441,manasmaity11@gmail.com,,,12/29/2020 18:46,16999,Cash,Completed,
SONAR BANGLA SHOPPING COMPLEX,West Bengal,,SA1208592146331610,S290439122000058,26194,Mi Wireless Power Bank 10000 mAh Black,1,SUSAMAN BERA,6296639194,susamanbera1999@gmail.com,,,12/28/2020 13:58,4098,Cash,Completed,
SONAR BANGLA SHOPPING COMPLEX,West Bengal,,SA1208612087880732,S290439122000057,21025,Mi Micro USB Braided Cable 100cm(Black),1,DHANNANJAY,9800145230,dhabanjay@gmail.com,,,12/28/2020 11:07,249,Cash,Completed,
SONAR BANGLA SHOPPING COMPLEX,West Bengal,,SA1208592115561031,S290439122000056,27334,Redmi Note 9 Pro Aurora Blue 4GB+64GB,1,NAPAL PAUL,7431854359,uttampaul5522@gmail.com,,,12/27/2020 18:14,12999,Cash,Completed,
SONAR BANGLA SHOPPING COMPLEX,West Bengal,,SA1208592086512505,S290439122000055,27334,Redmi Note 9 Pro Aurora Blue 4GB+64GB,1,SWARUP DOLAI,8016538572,dolaiswarup0000@gmail.com,,,12/27/2020 14:24,12999,Cash,Completed,
SONAR BANGLA SHOPPING COMPLEX,West Bengal,,SA1208592115994702,S290439122000054,23357,Mi Super Bass Wireless Headphones,1,AYAN JANA,8167281442,ayanjana7006@gmail.com,,,12/27/2020 12:01,1799,Cash,Completed,
SONAR BANGLA SHOPPING COMPLEX,West Bengal,,SA1208602146953206,S290439122000053,27382,Redmi Note 9 Pro Max Aurora Blue 6GB+128GB,1,LALTU MAITY,7585001965,lmaity919@gmail.com,,,12/26/2020 16:44,18499,Cash,Completed,
SONAR BANGLA SHOPPING COMPLEX,West Bengal,,SA1208582084706315,S290439122000052,27380,Redmi Note 9 Pro Max Aurora Blue 6GB+64GB,1,TAPAN KUMAR CHOWDHURY,9046868789,chowdhurytapan85@gmail.com,,,12/25/2020 19:58,15999,Cash,Completed,
SONAR BANGLA SHOPPING COMPLEX,West Bengal,,SA1208592086891712,S290439122000051,27334,Redmi Note 9 Pro Aurora Blue 4GB+64GB,1,ABHISEK BERA,7583954628,abhisek.bera100@gmail.com,,,12/25/2020 17:04,12999,Cash,Completed,
SONAR BANGLA SHOPPING COMPLEX,West Bengal,,SA1208592146500110,S290439122000050,28356,Mi USB Type C Cable Black,1,PRIYANKA JANA,9647935245,priyankajana@gmail.com,,,12/25/2020 16:56,199,Cash,Completed,
SONAR BANGLA SHOPPING COMPLEX,West Bengal,,SA1208572109345025,S290439122000049,25956,Mi Braided USB Type-C Cable Black,1,SUSANTA DOLAI,9932113970,susantadolai1989@gmail.com,,,12/25/2020 10:18,498,Cash,Completed,
SONAR BANGLA SHOPPING COMPLEX,West Bengal,,SA1208582115058008,S290439122000048,27380,Redmi Note 9 Pro Max Aurora Blue 6GB+64GB,1,ANUPAM MAITY,9564329253,anupam.maity443@gmail.com,,,12/24/2020 20:13,15999,Cash,Completed,
SONAR BANGLA SHOPPING COMPLEX,West Bengal,,SA1208552135047808,S290439122000047,27334,Redmi Note 9 Pro Aurora Blue 4GB+64GB,1,AMAL PATRA,8348119562,koley98pradip@gmail.com,,,12/22/2020 17:14,12999,Cash,Completed,
SONAR BANGLA SHOPPING COMPLEX,West Bengal,,SA1208552143550509,S290439122000046,23744,Mi Smart Band 4 Black,1,RANADIP SAUTYA,7477585091,ranadipsautya936@gmail.com,,,12/21/2020 18:40,1999,Cash,Completed,
SONAR BANGLA SHOPPING COMPLEX,West Bengal,,SA1208532111593919,S290439122000045,22604,10000mAh Mi Power Bank 2i Red,1,SK ASIF ISHLAM,7586868176,iasif022@gmail.com,,,12/21/2020 12:47,799,Cash,Completed,
SONAR BANGLA SHOPPING COMPLEX,West Bengal,,SA1208552148632003,S290439122000044,27319,Mi Beard Trimmer 1C Black,1,SK AREFUL ISLAM,8918136908,arefulislam@gmail.com,,,12/21/2020 12:39,899,Cash,Completed,
SONAR BANGLA SHOPPING COMPLEX,West Bengal,,SA1208532103548211,S290439122000043,27075,Redmi SonicBass Wireless Earphones Black,1,SUBIR DEY,9804003041,subirdet@gmail.com,,,12/20/2020 18:55,1299,Cash,Completed,
SONAR BANGLA SHOPPING COMPLEX,West Bengal,,SA1208512125264915,S290439122000042,28162,Redmi Note 9 Pro Aurora Blue 4GB+128GB,1,ALOK PAL,9635476355,alokpal10jan@gmail.com,,,12/18/2020 18:44,14999,Cash,Completed,
SONAR BANGLA SHOPPING COMPLEX,West Bengal,,SA1208502077147406,S290439122000041,29762,Redmi Earbuds 2C Black,1,TUKAI CHOWDHURY,9748937866,tykaichowdhyry@gmail.com,,,12/18/2020 16:10,1499,Cash,Completed,
SONAR BANGLA SHOPPING COMPLEX,West Bengal,,SA1208512119434709,S290439122000040,28322,Redmi Earphones Red,1,9883154013,9883154013,sahinakhatunhm@gmail.com,,,12/17/2020 20:29,399,Cash,Completed,
SONAR BANGLA SHOPPING COMPLEX,West Bengal,,SA1208502077049510,S290439122000039,22696,India Standard Charger (2A Fast Charging) Black.,1,SOMNATH PRADHAN,8926105956,mrsoumandu@gmail.com,,,12/17/2020 16:01,349,Cash,Completed,
SONAR BANGLA SHOPPING COMPLEX,West Bengal,,SA1208502077050510,S290439122000038,27075,Redmi SonicBass Wireless Earphones Black,1,NILKAMAL MONDAL,8167491915,babaibabai534@gmail.com,,,12/17/2020 15:50,1299,Cash,Completed,
SONAR BANGLA SHOPPING COMPLEX,West Bengal,,SA1208502077323531,S290439122000037,25077,Mi LED TV 4A Pro 80cm (32) Black,1,HAKIB JABED,8158824900,jabedskakib@gmail.com,,,12/17/2020 15:46,13999,Cash,Completed,
SONAR BANGLA SHOPPING COMPLEX,West Bengal,,SA1208502114912406,S290439122000036,25083,Mi Dual Driver In-ear Earphones Blue,1,SHANKAR SHAOOW,9609737256,shankarshow@gmail.com,,,12/17/2020 13:54,799,Cash,Completed,
SONAR BANGLA SHOPPING COMPLEX,West Bengal,,SA1208492088006613,S290439122000035,28322,Redmi Earphones Red,1,SHILPA MANNA,7431079040,shilpamanna019@gmail.com,,,12/17/2020 11:05,399,Cash,Completed,
SONAR BANGLA SHOPPING COMPLEX,West Bengal,,SA1208472183133926,S290439122000034,21059,Mi Router 4C White,1,SHABARAN MANDI,6297394237,shabaran882004@gmail.com,,,12/16/2020 11:26,1099,Cash,Completed,
SONAR BANGLA SHOPPING COMPLEX,West Bengal,,SA1208482187382209,S290439122000033,28321,Redmi Earphones Black,1,PULAK MAITY,9635248779,pulakmaity@gmail.com,,,12/15/2020 16:35,399,Cash,Completed,
SONAR BANGLA SHOPPING COMPLEX,West Bengal,,SA1208492104762713,S290439122000032,28655,Redmi 9 Prime Mint Green 4GB+64GB,1,SAMARESH PRAMANIK,9732720756,samareshpramanik556@gmail.com,,,12/15/2020 16:06,9999,Cash,Completed,
SONAR BANGLA SHOPPING COMPLEX,West Bengal,,SA1208472141757021,S290439122000031,29762,Redmi Earbuds 2C Black,1,SAYAN BERA,8116748272,sayannmtala@gmail.com,,,12/13/2020 11:05,1299,Cash,Completed,
SONAR BANGLA SHOPPING COMPLEX,West Bengal,,SA1208472117845918,S290439122000030,28323,Redmi Earphones Blue,1,SUBHANKAR ROY,9002904033,subhankarroy@gmail.com,,,12/13/2020 10:34,399,Cash,Completed,
SONAR BANGLA SHOPPING COMPLEX,West Bengal,,SA1208472141352722,S290439122000029,28323,Redmi Earphones Blue,1,ASIM KUMAR DAS,8597311282,dasasim577@gmail.com,,,12/13/2020 9:24,1698,Cash,Completed,
SONAR BANGLA SHOPPING COMPLEX,West Bengal,,SA1208452128878509,S290439122000028,25636,Mi USB Cable 120cm Black.,1,CHANDAN PRAMANIK,9547269302,chandanpramanik@gmail.com,,,12/12/2020 18:13,199,Cash,Completed,
SONAR BANGLA SHOPPING COMPLEX,West Bengal,,SA1208442128595524,S290439122000027,23794,Mi 2A Fast Charger with Cable Black,1,SASANKA MAITY,9732565568,sasankamity@gmail.com,,,12/12/2020 17:50,449,Cash,Completed,
SONAR BANGLA SHOPPING COMPLEX,West Bengal,,SA1208452119175223,S290439122000026,27379,Redmi Note 9 Pro Max Interstellar Black 6GB+64GB,1,SK ASIK ZABED,8512926979,zabedasik786@gmail.com,,,12/12/2020 12:03,16999,Card,Completed,
SONAR BANGLA SHOPPING COMPLEX,West Bengal,,SA1208442128098827,S290439122000025,28655,Redmi 9 Prime Mint Green 4GB+64GB,1,CHAKRADHARI MONDAL,8637599908,soudipmaji2000@gmail.com,,,12/12/2020 10:48,9999,Cash,Completed,
SONAR BANGLA SHOPPING COMPLEX,West Bengal,,SA1208452130926202,S290439122000024,28322,Redmi Earphones Red,1,DILIP GHOSH,9735731298,dilipghosh@gmail.com,,,12/11/2020 18:05,399,Cash,Completed,
SONAR BANGLA SHOPPING COMPLEX,West Bengal,,SA1208442089412225,S290439122000023,21025,Mi Micro USB Braided Cable 100cm(Black),1,DIPAK BERA,7076711585,dipakbera1999@gmail.com,,,12/11/2020 17:55,249,Cash,Completed,
SONAR BANGLA SHOPPING COMPLEX,West Bengal,,SA1208442095870128,S290439122000022,28655,Redmi 9 Prime Mint Green 4GB+64GB,1,SWAPAN ADAK,9775219832,priyankaadak611@gmail.com,,,12/11/2020 13:43,9999,Cash,Completed,
SONAR BANGLA SHOPPING COMPLEX,West Bengal,,SA1208442089695721,S290439122000021,23867,Mi 27W Superfast Charger (SonicCharge Adapter) white,1,SK NASIM ALI,9609862843,sk.nasim.5107@gmail.com,,,12/11/2020 9:01,549,Cash,Completed,
SONAR BANGLA SHOPPING COMPLEX,West Bengal,,SA1208442128540732,S290439122000020,25077,Mi LED TV 4A Pro 80cm (32) Black,1,ARIJIT HAZRA,7685946140,arijeethazra333@gmail.com,,,12/10/2020 19:34,13999,Cash,Completed,
SONAR BANGLA SHOPPING COMPLEX,West Bengal,,SA1208432076144629,S290439122000019,28356,Mi USB Type C Cable Black,1,TARUN KUMAR MONDAL,9933099392,tarunkumarmondal@gmail.com,,,12/10/2020 14:58,199,Cash,Completed,
SONAR BANGLA SHOPPING COMPLEX,West Bengal,,SA1208402119643720,S290439122000018,21162,Mi Band 3 Charging Cable Black,1,RAJ,9609354204,sayakmondal30@gmail.com,,,12/9/2020 12:51,149,Cash,Completed,
SONAR BANGLA SHOPPING COMPLEX,West Bengal,,SA1208402087865731,S290439122000017,28168,Redmi Note 9 Pro Max Champagne Gold 6GB+64GB,1,DURGESH,7759837540,durgeshray1852muz@gmail.com,,,12/8/2020 13:21,16999,Cash,Completed,
SONAR BANGLA SHOPPING COMPLEX,West Bengal,,SA1208402114097117,,28168,Redmi Note 9 Pro Max Champagne Gold 6GB+64GB,1,DURGESH,7759837540,durgeshray1852muz@gmail.com,,,12/8/2020 13:20,17499,Wallet,Closed,
SONAR BANGLA SHOPPING COMPLEX,West Bengal,,SA1208402119416925,S290439122000016,27379,Redmi Note 9 Pro Max Interstellar Black 6GB+64GB,1,PARTHASARATHI DASADHIKARI,9800882343,joykrishnamudran@gmail.com,,,12/7/2020 20:05,16999,Cash,Completed,
SONAR BANGLA SHOPPING COMPLEX,West Bengal,,SA1208402133177021,S290439122000015,23964,Mi 2-in-1 USB Cable (Micro USB to Type C) 100cm Black,1,RETESWAR BERA,9800640450,reteswarb@gmail.com,,,12/7/2020 18:23,249,Cash,Completed,
SONAR BANGLA SHOPPING COMPLEX,West Bengal,,SA1208382126088207,S290439122000014,28351,Mi Smart Band 5 Black,1,GORACHAND MAITY,7001664115,gorachandmaity0@gmail.com,,,12/6/2020 12:09,2499,Cash,Completed,
SONAR BANGLA SHOPPING COMPLEX,West Bengal,,SA1208392115720612,S290439122000013,23964,Mi 2-in-1 USB Cable (Micro USB to Type C) 100cm Black,1,SWARUP SAMANTA,7001742393,swarups1997@gmail.com,,,12/5/2020 19:39,498,Cash,Completed,
SONAR BANGLA SHOPPING COMPLEX,West Bengal,,SA1208372153017226,S290439122000012,25291,Mi Home Security  Camera 360бу 1080P white.,1,PRADIP KOLEY,7319167718,pradipkoley@gmail.com,,,12/5/2020 19:20,2899,Cash,Completed,
SONAR BANGLA SHOPPING COMPLEX,West Bengal,,SA1208382115341408,S290439122000011,25077,Mi LED TV 4A Pro 80cm (32) Black,1,KARTICK BANGAL,8436302376,kartickbangal2016@gmail.com,,,12/5/2020 12:15,13999,Cash,Completed,
SONAR BANGLA SHOPPING COMPLEX,West Bengal,,SA1208372127451026,S290439122000010,30249,Redmi 9 Prime Mint Green 4GB+128GB,1,ABDUL HAKIM SEK,9040534244,skraj071490@gmail.com,,,12/4/2020 11:33,10999,Cash,Completed,
SONAR BANGLA SHOPPING COMPLEX,West Bengal,,SA1208382115384608,S290439122000008,21028,Mi Focus Cube,1,SAYANDEV KAJILAL,9564225116,ksayandev@gmail.com,,,12/4/2020 11:00,398,Cash,Completed,
SONAR BANGLA SHOPPING COMPLEX,West Bengal,,SA1208352126333102,S290439122000007,23357,Mi Super Bass Wireless Headphones,1,SUSAMAN BERA,6296639194,susamanbera1999@gmail.com,,,12/3/2020 13:44,2598,Cash,Completed,
SONAR BANGLA SHOPPING COMPLEX,West Bengal,,SA1208352089164626,S290439122000006,28323,Redmi Earphones Blue,1,PRASENJIT MAITY,9136808041,prasenjitmaity9136@gmail.com,,,12/2/2020 18:36,399,Cash,Completed,
SONAR BANGLA SHOPPING COMPLEX,West Bengal,,SA1208352133059911,S290439122000005,28322,Redmi Earphones Red,1,NARAYAN MAITY,9609680911,sandipbera135@gmail.com,,,12/2/2020 18:26,399,Cash,Completed,
SONAR BANGLA SHOPPING COMPLEX,West Bengal,,SA1208352077516318,S290439122000004,20262,Mi Sports Bluetooth Earphones Basic Black,1,SATYENBRANATH SHEE,8967174183,rdebasis275@gmail.com,,,12/2/2020 15:46,1299,Cash,Completed,
SONAR BANGLA SHOPPING COMPLEX,West Bengal,,SA1208352077260704,S290439122000003,22696,India Standard Charger (2A Fast Charging) Black.,1,APURBA SINGHA,9064650250,apurbasingha1987@gmail.com,,,12/2/2020 10:58,349,Cash,Completed,
SONAR BANGLA SHOPPING COMPLEX,West Bengal,,SA1208352089194426,S290439122000002,25743,Mi Step Out Backpack Royal Blue,1,SUSAMAN BERA,6296639194,suasamanbera1999@gmail.com,,,12/1/2020 19:49,40298,Cash,Completed,
SONAR BANGLA SHOPPING COMPLEX,West Bengal,,SA1208352126391502,S290439122000001,27876,Redmi Note 9 Aqua Green 4GB+128GB,1,MUNINDRA,8475962541,mununkijh@gmail.com,,,12/1/2020 18:42,13499,Cash,Completed,
