Store name,State,City,Order No.,Invoice No.,SKU Id,mobileModel,Quantity,name,mobile1,Customer Mail id,Customer GSTIN No.,Customer PAN No.,purchaseDate,price,Payment Type,Order Status,Promo Code
SONAR BANGLA SHOPPING COMPLEX,West Bengal,,SA1218642245317502,MS29043921000060,28945,Redmi 9A Nature Green 3GB+32GB,1,ANI ROY,6589656962,NIOREPLY@GMAIL.COM,,,12/31/2021 21:08,7999,Cash,Completed,
SONAR BANGLA SHOPPING COMPLEX,West Bengal,,SA1218632282195821,MS29043921000059,28940,Redmi 9A Midnight Black 3GB+32GB,1,KILPP JANA,8768466234,NOREPLY@GMAIL.COM,,,12/31/2021 20:53,7999,Cash,Completed,
SONAR BANGLA SHOPPING COMPLEX,West Bengal,,SA1218642008182909,MS29043921000058,28945,Redmi 9A Nature Green 3GB+32GB,1,KILO KIO,9733099764,NOMAIL@GMAIL.COM,,,12/31/2021 20:48,7999,Cash,Completed,
SONAR BANGLA SHOPPING COMPLEX,West Bengal,,SA1218642245329902,MS29043921000057,38820,Redmi 9A Midnight Black. 2GB+32GB,1,SAHELI MANNA,8391862210,SMANNAGDG1245@GMAIL.COM,,,12/31/2021 20:03,6999,Cash,Completed,
SONAR BANGLA SHOPPING COMPLEX,West Bengal,,SA1218642008193209,MS29043921000056,39468,Redmi 9A Sport Metallic Blue. 3GB+32GB,1,AMIO ROY,9564575976,ASSGAG5252@GMAIL.COM,,,12/31/2021 19:57,7999,Cash,Completed,
SONAR BANGLA SHOPPING COMPLEX,West Bengal,,SA1218652323160326,MS29043921000055,39468,Redmi 9A Sport Metallic Blue. 3GB+32GB,1,DINABANDHU BERA,9732672529,DINABANDHUBERA9732@GMAIL.COM,,,12/31/2021 19:54,7999,Cash,Completed,
SONAR BANGLA SHOPPING COMPLEX,West Bengal,,SA1218632282759722,MS29043921000054,38820,Redmi 9A Midnight Black. 2GB+32GB,1,TUSAR KANTI JANA,8436813304,GJDWFJKWGF1245@GMAIL.COM,,,12/31/2021 19:42,6999,Cash,Completed,
SONAR BANGLA SHOPPING COMPLEX,West Bengal,,SA1218612007797815,MS29043921000053,27075,Redmi SonicBass Wireless Earphones Black,1,SNIGDHA BARMAN,7001931021,BSUDIP1212@GMAIL.COM,,,12/31/2021 11:34,1299,Cash,Completed,
SONAR BANGLA SHOPPING COMPLEX,West Bengal,,SA1218602225094327,MS29043921000052,28356,Mi USB Type C Cable Black,1,SANJIB PAL,9679202840,SANJIBPAL375@GMAIL.COM,,,12/30/2021 18:54,199,Cash,Completed,
SONAR BANGLA SHOPPING COMPLEX,West Bengal,,SA1218612197625926,MS29043921000051,35990,Xiaomi 11 Lite NE 5G Jazz Blue 6GB+128GB,1,SHYAMAL MAITY,7679102010,KARTIK.MAITY1994@GMAIL.COM,,,12/30/2021 18:11,26999,Cash,Completed,
SONAR BANGLA SHOPPING COMPLEX,West Bengal,,SA1218622228656211,MS29043921000050,28356,Mi USB Type C Cable Black,1,SUDARSHAN SAHOO,8927558898,SUDARSHANSAHOO19981@GMAIL.COM,,,12/29/2021 18:48,199,Cash,Completed,
SONAR BANGLA SHOPPING COMPLEX,West Bengal,,SA1218592284177209,MS29043921000049,21025,Mi Micro USB Braided Cable 100cm(Black),1,SUBHAJIT DOLAI,8116113447,subhajitdolai26@gmail.com,,,12/29/2021 18:13,249,Cash,Completed,
SONAR BANGLA SHOPPING COMPLEX,West Bengal,,SA1218632282417121,MS29043921000048,29762,Redmi Earbuds 2C Black,1,SUBHAJIT DOLAI,8116113447,subhajitdolai26@gmail.com,,,12/29/2021 18:07,1499,Cash,Completed,
SONAR BANGLA SHOPPING COMPLEX,West Bengal,,SA1218572008688612,MS29043921000047,29762,Redmi Earbuds 2C Black,1,SUDIP SAMANTA,9647752333,samantasudip148@gmail.com,,,12/28/2021 17:48,1399,Cash,Completed,
SONAR BANGLA SHOPPING COMPLEX,West Bengal,,SA1218602225860128,MS29043921000046,31998,Redmi Note 10S Deep Sea Blue 6GB+128GB,1,SHUBHENDU BERA,6296714044,berashubhendu248@gmail.com,,,12/28/2021 11:09,16499,Cash,Completed,
SONAR BANGLA SHOPPING COMPLEX,West Bengal,,SA1218582256565121,MS29043921000045,28356,Mi USB Type C Cable Black,1,SEKHAR BERA,7477322728,BERASEKHAR.100@GMAIL.COM,,,12/27/2021 15:55,748,Cash,Completed,
SONAR BANGLA SHOPPING COMPLEX,West Bengal,,SA1218582256636221,MS29043921000044,31772,Redmi Note 10 Pro Glacial Blue 6GB+128GB,1,ABHIJIT PAL,8391919059,PALSANTU99166@GMAIL.COM,,,12/25/2021 19:49,17999,Cash,Completed,
SONAR BANGLA SHOPPING COMPLEX,West Bengal,,SA1218582299518225,MS29043921000043,26195,Redmi 10000mAh Power Bank White,1,SUBHANKAR PATRA,8927757535,SUBHANKARPATRA935@GMAIL.COM,,,12/25/2021 17:41,899,Cash,Completed,
SONAR BANGLA SHOPPING COMPLEX,West Bengal,,SA1218582008829418,,26195,Redmi 10000mAh Power Bank White,1,SUBHANKAR PATRA,8927757535,SUBHANKARPATRA935@GMAIL.COM,,,12/25/2021 17:40,889,Wallet,Closed,
SONAR BANGLA SHOPPING COMPLEX,West Bengal,,SA1218532274590021,MS29043921000042,28321,Redmi Earphones Black,1,SOURAV BAG,6294113961,SOURAVBAG635@GMAIL.COM,,,12/22/2021 11:31,399,Cash,Completed,
SONAR BANGLA SHOPPING COMPLEX,West Bengal,,SA1218532274602321,MS29043921000041,35571,Redmi Note 11T 5G Matte Black 6GB+128GB,1,PRITAM MANNA,9083856293,KKJKL458@GMAIL.COM,,,12/21/2021 20:35,16999,Cash,Completed,
SONAR BANGLA SHOPPING COMPLEX,West Bengal,,SA1218532294176632,MS29043921000040,35571,Redmi Note 11T 5G Matte Black 6GB+128GB,1,PANNALAL JANA,9733675524,JPANNADIBINI1254@GMAIL.COM,,,12/21/2021 20:22,16999,Cash,Completed,
SONAR BANGLA SHOPPING COMPLEX,West Bengal,,SA1218522203220026,MS29043921000039,35571,Redmi Note 11T 5G Matte Black 6GB+128GB,1,TARUN MONDAL,9933966441,TMONDAL54@GMAIL.COM,,,12/21/2021 20:17,16999,Cash,Completed,
SONAR BANGLA SHOPPING COMPLEX,West Bengal,,SA1218542286360102,MS29043921000038,35571,Redmi Note 11T 5G Matte Black 6GB+128GB,1,AMIO ROY,9564575976,ASSGAG5252@GMAIL.COM,,,12/21/2021 20:09,16999,Cash,Completed,
SONAR BANGLA SHOPPING COMPLEX,West Bengal,,SA1218552242128208,MS29043921000037,35571,Redmi Note 11T 5G Matte Black 6GB+128GB,1,SAHELI MANNA,8391862210,SMANNAGDG1245@GMAIL.COM,,,12/21/2021 19:59,16999,Cash,Completed,
SONAR BANGLA SHOPPING COMPLEX,West Bengal,,SA1218542255560907,MS29043921000036,25740,Mi Step Out Backpack Black,1,SUDIP HAZRA,9609277559,SUDIPHAZRA748@GMAIL.COM,,,12/21/2021 19:35,269,Cash,Completed,
SONAR BANGLA SHOPPING COMPLEX,West Bengal,,SA1218532008528318,MS29043921000035,36637,Redmi 9A Sport Carbon Black 3GB+32GB,1,DINABANDHU BERA,9732672529,DINABANDHUBERA9732@GMAIL.COM,,,12/21/2021 19:31,7999,Cash,Completed,
SONAR BANGLA SHOPPING COMPLEX,West Bengal,,SA1218542255026406,MS29043921000034,28944,Redmi 9A Nature Green 2GB+32GB,1,TINKU BERA,8436028680,BTINKU1212@GMAIL.COM,,,12/21/2021 19:29,6999,Cash,Completed,
SONAR BANGLA SHOPPING COMPLEX,West Bengal,,SA1218532274084316,MS29043921000033,28944,Redmi 9A Nature Green 2GB+32GB,1,RAJU BERA,9749773139,WDUWYFGYISFG12445@GMAIL.COM,,,12/21/2021 19:15,6999,Cash,Completed,
SONAR BANGLA SHOPPING COMPLEX,West Bengal,,SA1218552294088213,MS29043921000032,28944,Redmi 9A Nature Green 2GB+32GB,1,TUSAR KANTI JANA,8436813304,GJDWFJKWGF1245@GMAIL.COM,,,12/21/2021 19:06,6999,Cash,Completed,
SONAR BANGLA SHOPPING COMPLEX,West Bengal,,SA1218522008993014,MS29043921000031,36637,Redmi 9A Sport Carbon Black 3GB+32GB,1,NARAYAN CHANDRA BERA,8145314685,CDFSGSG2342@GMAIL.COM,,,12/21/2021 19:03,7999,Cash,Completed,
SONAR BANGLA SHOPPING COMPLEX,West Bengal,,SA1218522008279623,MS29043921000030,23794,Mi 2A Fast Charger with Cable Black,1,LIPIKA MAJI,7363978065,LIPIKAMAJI432@GMAIL.COM,,,12/20/2021 12:05,449,Cash,Completed,
SONAR BANGLA SHOPPING COMPLEX,West Bengal,,SA1218542008468325,MS29043921000029,34234,Redmi Note 10 Pro Dark Nebula 8GB+128GB,1,RINTU PATRA,8167486054,1928048@KIT.AC.IN,,,12/20/2021 10:54,18999,Cash,Completed,
SONAR BANGLA SHOPPING COMPLEX,West Bengal,,SA1218482260639032,MS29043921000028,26333,Mi True Wireless Earphones 2 White,1,subhash cr samanta,7001194646,subhash@gmail.com,,,12/19/2021 19:49,3599,Cash,Completed,
SONAR BANGLA SHOPPING COMPLEX,West Bengal,,SA1218482260331319,MS29043921000027,28647,20000mAh Mi Power Bank 3i Black,1,BRAJA MAITY,7602870516,fsefes87@gmail.com,,,12/19/2021 17:51,1499,Cash,Completed,
SONAR BANGLA SHOPPING COMPLEX,West Bengal,,SA1218522203137914,MS29043921000026,25636,Mi USB Cable 120cm Black.,1,DIPAK BERA,7076711585,DIPAKBERA1999@GMAIL.COM,,,12/18/2021 20:07,199,Cash,Completed,
SONAR BANGLA SHOPPING COMPLEX,West Bengal,,SA1218482260692132,MS29043921000025,28356,Mi USB Type C Cable Black,1,ASIT KUMAR MAITY,8806595958,AMAITI2019@GMAIL.COM,,,12/18/2021 17:51,199,Cash,Completed,
SONAR BANGLA SHOPPING COMPLEX,West Bengal,,SA1218472464717812,MS29043921000024,36637,Redmi 9A Sport Carbon Black 3GB+32GB,1,SOUVIK MAJI,7797179919,SMAJI258258@GMAIL.COM,,,12/17/2021 19:04,7999,Cash,Completed,
SONAR BANGLA SHOPPING COMPLEX,West Bengal,,SA1218462355803305,MS29043921000023,25291,Mi Home Security  Camera 360бу 1080P white.,1,SANJIB ADHIKARY,8348562955,adhikarisonjib@gmail.com,,,12/17/2021 18:57,2999,Cash,Completed,
SONAR BANGLA SHOPPING COMPLEX,West Bengal,,SA1218502008549527,MS29043921000022,28944,Redmi 9A Nature Green 2GB+32GB,1,DINABANDHU BERA,9732672529,DINABANDHUBERA9732@GMAIL.COM,,,12/17/2021 18:57,6999,Cash,Completed,
SONAR BANGLA SHOPPING COMPLEX,West Bengal,,SA1218482204092118,MS29043921000021,25291,Mi Home Security  Camera 360бу 1080P white.,1,AMIO ROY,9564575976,ASSGAG5252@GMAIL.COM,,,12/17/2021 18:53,2999,Cash,Completed,
SONAR BANGLA SHOPPING COMPLEX,West Bengal,,SA1218462355804405,MS29043921000020,25291,Mi Home Security  Camera 360бу 1080P white.,1,AMIO ROY,9564575976,ASSGAG5252@GMAIL.COM,,,12/17/2021 18:51,2999,Cash,Completed,
SONAR BANGLA SHOPPING COMPLEX,West Bengal,,SA1218502275188713,MS29043921000019,36864,Redmi Note 10S Frost white 8GB+128GB,1,PRABIR PAL,8695868353,PALP51819@GMAIL.COM,,,12/16/2021 17:23,18499,Cash,Completed,
SONAR BANGLA SHOPPING COMPLEX,West Bengal,,SA1218492246932601,MS29043921000018,27075,Redmi SonicBass Wireless Earphones Black,1,GURUPADA MONDAL,8436050337,GURUPADAMONDAL94@GMAIL.COM,,,12/16/2021 11:20,1249,Cash,Completed,
SONAR BANGLA SHOPPING COMPLEX,West Bengal,,SA1218442323983413,MS29043921000017,25009,Mi Dual Driver In-ear Earphones Black,1,SURAJIT SAMANTA,8972718406,BSUDIP1212@GMAIL.COM,,,12/16/2021 10:14,799,Cash,Completed,
SONAR BANGLA SHOPPING COMPLEX,West Bengal,,SA1218462355428326,MS29043921000016,31998,Redmi Note 10S Deep Sea Blue 6GB+128GB,1,BHABASUNDAR SAHU,9800645889,BHABASAHU071987@GMAIL.COM,,,12/14/2021 19:09,16499,Cash,Completed,
SONAR BANGLA SHOPPING COMPLEX,West Bengal,,SA1218442323817908,MS29043921000015,31994,Redmi Note 10S Frost white 6GB+64GB,1,KALISHANKAR GHORAI,7872453782,kalishankarghorai@gmail.com,,,12/12/2021 19:06,14999,Cash,Completed,
SONAR BANGLA SHOPPING COMPLEX,West Bengal,,SA1218452430593224,MS29043921000014,27075,Redmi SonicBass Wireless Earphones Black,1,SUBHAJIT  MAITY,7319418395,SUBHAJITMAITY368@GMAIL.COM,,,12/12/2021 12:35,1299,Cash,Completed,
SONAR BANGLA SHOPPING COMPLEX,West Bengal,,SA1218442418938715,MS29043921000013,34233,Redmi Note 10 Pro Dark Nebula 6GB+128GB,1,SUBHAJIT  MAITY,7319418395,SUBHAJITMAITY368@GMAIL.COM,,,12/12/2021 12:25,17999,Cash,Completed,
SONAR BANGLA SHOPPING COMPLEX,West Bengal,,SA1218422268702119,MS29043921000012,31998,Redmi Note 10S Deep Sea Blue 6GB+128GB,1,SK MUNNA,7501230721,SKMUNNA14091995@GMAIL.COM,,,12/12/2021 11:56,16499,Cash,Completed,
SONAR BANGLA SHOPPING COMPLEX,West Bengal,,SA1218422268980218,MS29043921000011,28356,Mi USB Type C Cable Black,1,Subhajit Rana,9002955641,subhajitrana1997@gmail.com,,,12/11/2021 17:39,199,Cash,Completed,
SONAR BANGLA SHOPPING COMPLEX,West Bengal,,SA1218392338892227,MS29043921000010,21025,Mi Micro USB Braided Cable 100cm(Black),1,PURNA BURMAN,9932314156,PURNABURMAN@GMAIL.COM,,,12/10/2021 19:21,249,Cash,Completed,
SONAR BANGLA SHOPPING COMPLEX,West Bengal,,SA1218432008260420,MS29043921000009,31998,Redmi Note 10S Deep Sea Blue 6GB+128GB,1,KARTTIK KAYET,9733557087,BSUDIP1212@GMAIL.COM,,,12/10/2021 10:57,16499,Cash,Completed,
SONAR BANGLA SHOPPING COMPLEX,West Bengal,,SA1218392315277615,MS29043921000008,28321,Redmi Earphones Black,1,SUMAN GHARA,8250834113,SUMANGHARA00@GMAIL.COM,,,12/8/2021 11:25,399,Cash,Completed,
SONAR BANGLA SHOPPING COMPLEX,West Bengal,,SA1218372239925403,MS29043921000007,31994,Redmi Note 10S Frost white 6GB+64GB,1,SK KAMRUJJAMAN,8001283588,SKKAMRUJJAMAN700@GMAIL.COM,,,12/7/2021 16:45,14999,Cash,Completed,
SONAR BANGLA SHOPPING COMPLEX,West Bengal,,SA1218372342240609,MS29043921000006,25291,Mi Home Security  Camera 360бу 1080P white.,1,TOWSIF,7384574786,TOWSIFHUDA786@GMAIL.COM,,,12/6/2021 19:15,2999,Cash,Completed,
SONAR BANGLA SHOPPING COMPLEX,West Bengal,,SA1218352319395805,MS29043921000005,21059,Mi Router 4C White,1,THE CABLE VISION,9474000029,tarunmandal1612@gmail.com,,,12/4/2021 11:04,1898,Cash,Completed,
SONAR BANGLA SHOPPING COMPLEX,West Bengal,,SA1218352319120623,MS29043921000004,21059,Mi Router 4C White,1,THE CABLE VISION,9474000029,tarunmandal1612@gmail.com,,,12/4/2021 10:41,949,Cash,Completed,
SONAR BANGLA SHOPPING COMPLEX,West Bengal,,SA1218362243639416,MS29043921000003,35990,Xiaomi 11 Lite NE 5G Jazz Blue 6GB+128GB,1,SK SAKISHLAM ALI,8768672821,SKSAKISHLAMALI@GMAIL.COM,,,12/3/2021 16:01,26999,Cash,Completed,
SONAR BANGLA SHOPPING COMPLEX,West Bengal,,SA1218322335036802,MS29043921000002,28646,10000mAh Mi Power Bank 3i Blue,1,SOUVIK MANDAL,7477771067,MANDALSOUVIK189@GMAIL.COM,,,12/2/2021 20:29,999,Cash,Completed,
SONAR BANGLA SHOPPING COMPLEX,West Bengal,,SA1218312308308919,MS29043921000001,28321,Redmi Earphones Black,1,SIDDHARTA JANA,8697347241,BSUDIP1212@GMAIL.COM,,,12/2/2021 11:22,349,Cash,Completed,
