Store Name,State,City,Order No.,Invoice No.,SKU Id,description,Quantity,name,mobile1,Customer Mail id,Customer GSTIN No.,Customer PAN No.,serviceDate,totalPrice,Payment Type,Order Status,Promo Code
SONAR BANGLA SHOPPING COMPLEX,West Bengal,,SA1218322290601309,S290439112100046,25636,Mi USB Cable 120cm Black.,1,ANUPAM BHOWMIK,9732791856,ANUPAMBHOWMIK77@GMAIL.COM,,,11/30/2021 18:47,199,Cash,Completed,
SONAR BANGLA SHOPPING COMPLEX,West Bengal,,SA1218312308911822,S290439112100045,28646,10000mAh Mi Power Bank 3i Blue,1,manoranjan bhanja,8906366168,manoranjan@gmail.com,,,11/30/2021 17:27,999,Cash,Completed,
SONAR BANGLA SHOPPING COMPLEX,West Bengal,,SA1218332335766301,S290439112100044,31950,Mi 11X 5G Celestial Silver 8GB+128GB,1,MILAN JANA,8116036558,BSUDIP1212@GMAIL.COM,,,11/29/2021 19:43,29999,Cash,Completed,
SONAR BANGLA SHOPPING COMPLEX,West Bengal,,SA1218322290666909,S290439112100043,27075,Redmi SonicBass Wireless Earphones Black,1,ANUPAM BHOWMIK,9732791856,ANUPAMBHOWMIK77@GMAIL.COM,,,11/29/2021 17:47,1299,Cash,Completed,
SONAR BANGLA SHOPPING COMPLEX,West Bengal,,SA1218262313250902,S290439112100042,34408,Redmi Note 10T 5G Graphite Black 6GB+128GB,1,KRISHNENDU SAU,9593491237,SAUABIR094@GMAIL.COM,,,11/28/2021 18:51,16999,Cash,Completed,
SONAR BANGLA SHOPPING COMPLEX,West Bengal,,SA1218282194939724,S290439112100041,28356,Mi USB Type C Cable Black,1,ataur rahaman,8001915584,ataurrahamandin1@gmail.com,,,11/27/2021 18:37,199,Cash,Completed,
SONAR BANGLA SHOPPING COMPLEX,West Bengal,,SA1218282194946624,S290439112100040,28321,Redmi Earphones Black,1,AMIT KUMAR MANDAL,6282341072,AMITMANDAL24486@GMAIL.COM,,,11/27/2021 17:18,399,Cash,Completed,
SONAR BANGLA SHOPPING COMPLEX,West Bengal,,SA1218242308704714,S290439112100039,27075,Redmi SonicBass Wireless Earphones Black,1,BUDDHADEB KAR,8159931495,Bubaikar38@Gmail.com,,,11/25/2021 19:41,1199,Cash,Completed,
SONAR BANGLA SHOPPING COMPLEX,West Bengal,,SA1218282194758317,S290439112100038,35990,Xiaomi 11 Lite NE 5G Jazz Blue 6GB+128GB,1,PRADIP KOLEY,7319167718,KOLEY98PRADIP@GMAIL.COM,,,11/25/2021 16:58,26999,Cash,Completed,
SONAR BANGLA SHOPPING COMPLEX,West Bengal,,SA1218262313410602,S290439112100037,28576,Mi Watch Revolve Chrome Silver,1,PAYEL DAS,7001233049,dasp4025@gmail.com,,,11/24/2021 21:04,7999,Cash,Completed,
SONAR BANGLA SHOPPING COMPLEX,West Bengal,,SA1218272306065130,S290439112100036,32095,Mi Smart Band 6 Black,1,NIRMAL MONDAL,9382267533,BSUDIP1212@GMAIL.COM,,,11/24/2021 17:58,3499,Cash,Completed,
SONAR BANGLA SHOPPING COMPLEX,West Bengal,,SA1218212229544913,S290439112100035,23794,Mi 2A Fast Charger with Cable Black,1,SUVONJON ROY,8926328904,royroysuvosuvo@gmail.com,,,11/23/2021 16:38,449,Cash,Completed,
SONAR BANGLA SHOPPING COMPLEX,West Bengal,,SA1218252325279216,S290439112100034,31948,Mi 11X 5G Lunar White 8GB+128GB,1,PRITAM DAS,9083856293,KKJKL458@GMAIL.COM,,,11/23/2021 16:03,29999,Cash,Completed,
SONAR BANGLA SHOPPING COMPLEX,West Bengal,,SA1218232317646831,S290439112100033,28645,10000mAh Mi Power Bank 3i Black,1,RANJIT MISHRA,8768092687,ranjitmishra68@gmail.com,,,11/22/2021 17:45,999,Cash,Completed,
SONAR BANGLA SHOPPING COMPLEX,West Bengal,,SA1218212229962115,S290439112100032,28356,Mi USB Type C Cable Black,1,SUBHADIP DAS,9932445383,SUBHADIPDASBAYEN@GMAIL.COM,,,11/19/2021 18:22,199,Cash,Completed,
SONAR BANGLA SHOPPING COMPLEX,West Bengal,,SA1218212229178730,S290439112100031,28356,Mi USB Type C Cable Black,1,SURAJIT DAS,9734976534,SURAJIT2DAS1234@GMAIL.COM,,,11/18/2021 16:24,199,Cash,Completed,
SONAR BANGLA SHOPPING COMPLEX,West Bengal,,SA1218212293023715,S290439112100030,28321,Redmi Earphones Black,1,SUKAMAL SAMANTA,8670841686,SUKAMALSAMANTA2001@GMAIL.COM,,,11/18/2021 12:09,399,Cash,Completed,
SONAR BANGLA SHOPPING COMPLEX,West Bengal,,SA1218202234605901,S290439112100029,30790,Mi 33W SonicCharge 2.0 Charger White,1,SOUMADIP MAITY,9679199699,BSUDIP1212@GMAIL.COM,,,11/16/2021 18:11,999,Cash,Completed,
SONAR BANGLA SHOPPING COMPLEX,West Bengal,,SA1218192332559121,S290439112100028,28940,Redmi 9A Midnight Black 3GB+32GB,1,TITU KOSHBA,9163553268,RITWIKMETYA789@GMAIL.COM,,,11/16/2021 9:26,8299,Cash,Completed,
SONAR BANGLA SHOPPING COMPLEX,West Bengal,,SA1218132324953719,S290439112100027,28356,Mi USB Type C Cable Black,1,SUBHENDU SANTRA,9002322901,subhendusantra9002@gmail.com,,,11/14/2021 13:34,199,Cash,Completed,
SONAR BANGLA SHOPPING COMPLEX,West Bengal,,SA1218122324485822,S290439112100026,23179,Mi Earphones Basic Black,1,SAIKAT BERA,9002183973,SAIKATBERA377@GMAIL.COM,,,11/12/2021 20:07,399,Cash,Completed,
SONAR BANGLA SHOPPING COMPLEX,West Bengal,,SA1218152360307613,S290439112100025,34430,Redmi Note 10T 5G Mint Green 6GB+128GB,1,MUKTA RAUL,8158040708,iamsaheb98@gmail.com,,,11/12/2021 9:52,16999,Cash,Completed,
SONAR BANGLA SHOPPING COMPLEX,West Bengal,,SA1218102354411817,S290439112100024,30559,Mi 27W SonicCharge Adapter White,1,ARCHISMAN BARMAN,8167557057,ARCHISMANBARMAN6969321055@GMAIL.COM,,,11/11/2021 17:10,748,Cash,Completed,
SONAR BANGLA SHOPPING COMPLEX,West Bengal,,SA1218112008812326,S290439112100023,27075,Redmi SonicBass Wireless Earphones Black,1,BALARAM MAITY,8780142311,BALARAM.MAITY55@GMAIL.COM,,,11/10/2021 19:01,1299,Cash,Completed,
SONAR BANGLA SHOPPING COMPLEX,West Bengal,,SA1218122331907514,S290439112100022,28356,Mi USB Type C Cable Black,1,MUJIBUB RAHAMAN,9883147409,BSUDIP1212@GMAIL.COM,,,11/10/2021 18:22,199,Cash,Completed,
SONAR BANGLA SHOPPING COMPLEX,West Bengal,,SA1218102333664208,S290439112100021,28321,Redmi Earphones Black,1,SHUBHENDU BERA,6296714044,berashubhendu248@gmail.com,,,11/10/2021 12:49,399,Cash,Completed,
SONAR BANGLA SHOPPING COMPLEX,West Bengal,,SA1218102333132606,S290439112100020,23179,Mi Earphones Basic Black,1,SK NASIM ALI,9609862843,sk@gmail.com,,,11/9/2021 19:23,399,Cash,Completed,
SONAR BANGLA SHOPPING COMPLEX,West Bengal,,SA1218102327857725,S290439112100019,27075,Redmi SonicBass Wireless Earphones Black,1,SUBHENDU SANTRA,9002322901,subhendusantra9002@gmail.com,,,11/9/2021 19:01,1169,Cash,Completed,
SONAR BANGLA SHOPPING COMPLEX,West Bengal,,SA1218082314261617,S290439112100018,36650,Redmi 9 Activ Carbon black 4GB+64GB,1,TAPASU PAL,8609951484,L14251848685965@GMAI.COM,,,11/6/2021 20:11,8499,Cash,Completed,
SONAR BANGLA SHOPPING COMPLEX,West Bengal,,SA1218102228702422,S290439112100017,31950,Mi 11X 5G Celestial Silver 8GB+128GB,1,GOURIBALA CHOUDHURY,7479096914,sudipchoudhury345@gmail.com,,,11/6/2021 17:00,29999,Cash,Completed,
SONAR BANGLA SHOPPING COMPLEX,West Bengal,,SA1218082314887424,S290439112100016,28356,Mi USB Type C Cable Black,1,MAHADEV PAUL,7872418205,mahadevpaul750@gmail.com,,,11/6/2021 14:36,199,Cash,Completed,
SONAR BANGLA SHOPPING COMPLEX,West Bengal,,SA1218092336408529,S290439112100015,22697,India Standard Adapter (Qualcomm QC 3.0 certified),1,BULBUL SAMANTA,9732639081,BSUDIP1212@GMAIL.COM,,,11/6/2021 10:01,449,Cash,Completed,
SONAR BANGLA SHOPPING COMPLEX,West Bengal,,SA1218082293572115,S290439112100014,28940,Redmi 9A Midnight Black 3GB+32GB,1,NILANJANA ADAK,9083856249,NILAHGFGDF14@GMAIL.COM,,,11/5/2021 23:09,7799,Cash,Completed,
SONAR BANGLA SHOPPING COMPLEX,West Bengal,,SA1218082008665602,S290439112100013,36650,Redmi 9 Activ Carbon black 4GB+64GB,1,BHUSAN MANNA,8016475896,BHUSANMBGFDXFD145@GMAIL.COM,,,11/5/2021 23:06,8499,Cash,Completed,
SONAR BANGLA SHOPPING COMPLEX,West Bengal,,SA1218082293304008,S290439112100012,36650,Redmi 9 Activ Carbon black 4GB+64GB,1,SANJOY MANNA,9564579852,FDFUKFUYYF14@GMAIL.COM,,,11/5/2021 22:56,8499,Cash,Completed,
SONAR BANGLA SHOPPING COMPLEX,West Bengal,,SA1218092345785331,S290439112100011,36650,Redmi 9 Activ Carbon black 4GB+64GB,1,SK FIROR,8967524785,DFDDFTYUY854@GMAIL.COM,,,11/5/2021 22:54,8499,Cash,Completed,
SONAR BANGLA SHOPPING COMPLEX,West Bengal,,SA1218082366963422,S290439112100010,36650,Redmi 9 Activ Carbon black 4GB+64GB,1,SUBHAM DAS,9832856478,BSUDIP1212@GMAIL.COM,,,11/5/2021 22:49,8499,Cash,Completed,
SONAR BANGLA SHOPPING COMPLEX,West Bengal,,SA1218082366972322,S290439112100009,31946,Mi 11X 5G Lunar White 6GB+128GB,1,SUBRATA MAITY,8442855843,SUBRATAMAITY795@GMAIL.COM,,,11/5/2021 20:44,27999,Cash,Completed,
SONAR BANGLA SHOPPING COMPLEX,West Bengal,,SA1218082314733427,S290439112100008,28940,Redmi 9A Midnight Black 3GB+32GB,1,BISWAJIT DAS,8309250038,BSUDIP1212@GMAIL.COM,,,11/5/2021 10:21,7799,Cash,Completed,
SONAR BANGLA SHOPPING COMPLEX,West Bengal,,SA1218072366235521,S290439112100007,36342,Redmi 9A Sport Coral Green 3GB+32GB,1,BIKRAM MAITY,7872141071,BSUDIP1212@GMAIL.COM,,,11/4/2021 18:23,7999,Cash,Completed,
SONAR BANGLA SHOPPING COMPLEX,West Bengal,,SA1218082257657703,S290439112100006,36342,Redmi 9A Sport Coral Green 3GB+32GB,1,SUJIT BAG,8972740723,KALYANBAG7872@GMAIL.COM,,,11/4/2021 16:56,7999,Cash,Completed,
SONAR BANGLA SHOPPING COMPLEX,West Bengal,,SA1218072008037024,S290439112100005,27075,Redmi SonicBass Wireless Earphones Black,1,MANORANJAN MAITY,9732646223,MANARANJAN.MAITY72@GMAIL.COM,,,11/3/2021 11:40,1099,Cash,Completed,
SONAR BANGLA SHOPPING COMPLEX,West Bengal,,SA1218062350200003,S290439112100004,28321,Redmi Earphones Black,1,SUJAN KUMAR HANDA,7074948675,SUJANHANDA19988@GMAIL.COM,,,11/3/2021 10:34,399,Cash,Completed,
SONAR BANGLA SHOPPING COMPLEX,West Bengal,,SA1218032007823810,S290439112100003,36650,Redmi 9 Activ Carbon black 4GB+64GB,1,RAJU DAS,9833257794,RAJUDAS153@GMAIL.COM,,,11/1/2021 18:08,8499,Cash,Completed,
SONAR BANGLA SHOPPING COMPLEX,West Bengal,,SA1218042279372024,S290439112100002,28356,Mi USB Type C Cable Black,1,MILAN KUMAR PRADHAN,8348657712,milan@gmail.com,,,11/1/2021 11:34,199,Cash,Completed,
SONAR BANGLA SHOPPING COMPLEX,West Bengal,,SA1218052357805123,S290439112100001,28356,Mi USB Type C Cable Black,1,SANJEEB MAITY,7384902905,BSUDIP1212@GMAIL.COM,,,11/1/2021 9:38,748,Cash,Completed,
SONAR BANGLA SHOPPING COMPLEX,West Bengal,,SA1218032312877903,S290439102100144,31994,Redmi Note 10S Frost white 6GB+64GB,1,CHHANDA MONDAL,7872968459,CHHANDAMONGDSGD14@GMAIL.COM,,,10/31/2021 21:10,13999,Cash,Completed,
SONAR BANGLA SHOPPING COMPLEX,West Bengal,,SA1218032225744222,S290439102100143,36650,Redmi 9 Activ Carbon black 4GB+64GB,1,BHUSAN MANNA,8016475896,BHUSANMBGFDXFD145@GMAIL.COM,,,10/31/2021 21:08,8499,Cash,Completed,
SONAR BANGLA SHOPPING COMPLEX,West Bengal,,SA1218032007887810,S290439102100142,31994,Redmi Note 10S Frost white 6GB+64GB,1,SAHADEV PANDA,9564587965,PANDASHAGVDH455@GMAIL.COM,,,10/31/2021 21:05,13999,Cash,Completed,
SONAR BANGLA SHOPPING COMPLEX,West Bengal,,SA1218042279388424,S290439102100141,31994,Redmi Note 10S Frost white 6GB+64GB,1,SAHALAM ALAM,7016799565,SAHA.ALAM.NULL@GMAIL.COM,,,10/31/2021 21:03,13999,Cash,Completed,
SONAR BANGLA SHOPPING COMPLEX,West Bengal,,SA1218022251526205,S290439102100140,31994,Redmi Note 10S Frost white 6GB+64GB,1,SONTOSH ROUTH,7007401258,SANAROUTHFDGFD1@GMAIL.COM,,,10/31/2021 21:01,13999,Cash,Completed,
SONAR BANGLA SHOPPING COMPLEX,West Bengal,,SA1218032326420002,S290439102100139,36650,Redmi 9 Activ Carbon black 4GB+64GB,1,CHINMOY KANDER,7797032157,CHINMOYKANDERRE142@GMAIL.COM,,,10/31/2021 20:58,8499,Cash,Completed,
SONAR BANGLA SHOPPING COMPLEX,West Bengal,,SA1218032332496430,S290439102100138,36650,Redmi 9 Activ Carbon black 4GB+64GB,1,PANNALAL JANA,9733675524,JPANNADIBINI1254@GMAIL.COM,,,10/31/2021 20:56,8499,Cash,Completed,
SONAR BANGLA SHOPPING COMPLEX,West Bengal,,SA1218032312079907,S290439102100137,36650,Redmi 9 Activ Carbon black 4GB+64GB,1,SUBHADIP BHATTYACHARY,9332407016,SUBHABHATTA14786@GMAIL.COM,,,10/31/2021 20:54,8499,Cash,Completed,
SONAR BANGLA SHOPPING COMPLEX,West Bengal,,SA1218032225748322,S290439102100136,36650,Redmi 9 Activ Carbon black 4GB+64GB,1,CHANDAN JANA,8016147896,CHANDANJANA.CHAD@GMAIL.COM,,,10/31/2021 20:51,8499,Cash,Completed,
SONAR BANGLA SHOPPING COMPLEX,West Bengal,,SA1218022229247023,S290439102100135,36650,Redmi 9 Activ Carbon black 4GB+64GB,1,HERRY POTTER,7872549635,HERRYPOTTERD1478@GMAIL.COM,,,10/31/2021 20:48,8499,Cash,Completed,
SONAR BANGLA SHOPPING COMPLEX,West Bengal,,SA1218032312605601,S290439102100134,36650,Redmi 9 Activ Carbon black 4GB+64GB,1,PRATIMA SAMANTA,8967541258,PRATIMADEIR1254@GMAIL.COM,,,10/31/2021 20:46,8499,Cash,Completed,
SONAR BANGLA SHOPPING COMPLEX,West Bengal,,SA1218022251529605,S290439102100133,36650,Redmi 9 Activ Carbon black 4GB+64GB,1,SIBSANKAR MAITY,9564578965,SIBJIBHOLE147852@GMAIL.COM,,,10/31/2021 20:44,8499,Cash,Completed,
SONAR BANGLA SHOPPING COMPLEX,West Bengal,,SA1218042332776728,S290439102100132,36650,Redmi 9 Activ Carbon black 4GB+64GB,1,RANJIT PATRA,9933565785,RANJITGFASD4455@GMAIL.COM,,,10/31/2021 20:42,8499,Cash,Completed,
SONAR BANGLA SHOPPING COMPLEX,West Bengal,,SA1218032312905203,S290439102100131,25636,Mi USB Cable 120cm Black.,1,SWARUP SAMANTA,7001742393,SWARUPS1997@GMAIL.COM,,,10/31/2021 19:12,199,Cash,Completed,
SONAR BANGLA SHOPPING COMPLEX,West Bengal,,SA1218022229849731,S290439102100130,36333,Redmi 9 Activ Metallic Purple 4GB+64GB,1,BABY GIRI,9609999964,ILOVEBEBY147@GMAIL.COM,,,10/31/2021 16:35,8499,Cash,Completed,
SONAR BANGLA SHOPPING COMPLEX,West Bengal,,SA1218032326205606,S290439102100129,36333,Redmi 9 Activ Metallic Purple 4GB+64GB,1,SAHEB BERA,9766743708,SBERASAHEB.844859@GMAIL.COM,,,10/31/2021 16:32,8499,Cash,Completed,
SONAR BANGLA SHOPPING COMPLEX,West Bengal,,SA1218022299171614,S290439102100128,36333,Redmi 9 Activ Metallic Purple 4GB+64GB,1,BABAY MONDAL,7501714645,MONDAL.8585BABAY.K@GMAIL.COM,,,10/31/2021 16:30,8499,Cash,Completed,
SONAR BANGLA SHOPPING COMPLEX,West Bengal,,SA1218042208223208,S290439102100127,36333,Redmi 9 Activ Metallic Purple 4GB+64GB,1,ABHIJIT BHATTACHARYA,9933118539,A.ABHIJIT.BHATTA8585@GMAIL.COM,,,10/31/2021 16:25,8499,Cash,Completed,
SONAR BANGLA SHOPPING COMPLEX,West Bengal,,SA1218032007372629,S290439102100126,36333,Redmi 9 Activ Metallic Purple 4GB+64GB,1,DIPANKAR MAITY,8145349647,DIPANKARMMMAA4578@GMAIL.COM,,,10/31/2021 16:21,8499,Cash,Completed,
SONAR BANGLA SHOPPING COMPLEX,West Bengal,,SA1218032312987003,S290439102100125,31994,Redmi Note 10S Frost white 6GB+64GB,1,PARTHA MAITY,9883737708,parthamaity2004@gmail.com,,,10/30/2021 21:10,13999,Cash,Completed,
SONAR BANGLA SHOPPING COMPLEX,West Bengal,,SA1218032007992110,S290439102100124,31994,Redmi Note 10S Frost white 6GB+64GB,1,SOUMITRA MAJI,9083856295,SOUMISADAS5478@GMAIL.COM,,,10/30/2021 21:08,13999,Cash,Completed,
SONAR BANGLA SHOPPING COMPLEX,West Bengal,,SA1218032326254606,S290439102100123,31994,Redmi Note 10S Frost white 6GB+64GB,1,AMIO ROY,9564575976,ASSGAG5252@GMAIL.COM,,,10/30/2021 21:07,13999,Cash,Completed,
SONAR BANGLA SHOPPING COMPLEX,West Bengal,,SA1218032312178907,S290439102100122,31994,Redmi Note 10S Frost white 6GB+64GB,1,CHIRANJIT MANNA,9732672598,CHIRANJITASFGHH1@GMAIL.COM,,,10/30/2021 21:05,13999,Cash,Completed,
SONAR BANGLA SHOPPING COMPLEX,West Bengal,,SA1218032326254906,S290439102100121,36333,Redmi 9 Activ Metallic Purple 4GB+64GB,1,SUSANTA PATRA,8768068385,SPASAD147@GMAIL.COM,,,10/30/2021 21:04,8499,Cash,Completed,
SONAR BANGLA SHOPPING COMPLEX,West Bengal,,SA1218032326255306,S290439102100120,36650,Redmi 9 Activ Carbon black 4GB+64GB,1,RAMPADA SAINIK,8436987452,RAMFSFEGG147852@GMAIL.COM,,,10/30/2021 21:02,8499,Cash,Completed,
SONAR BANGLA SHOPPING COMPLEX,West Bengal,,SA1218032225854322,S290439102100119,36333,Redmi 9 Activ Metallic Purple 4GB+64GB,1,SIBSANKAR MISHRA,8116355789,FTSDWDVH14785@GMAIL.COM,,,10/30/2021 21:00,8499,Cash,Completed,
SONAR BANGLA SHOPPING COMPLEX,West Bengal,,SA1218012205864927,S290439102100118,36650,Redmi 9 Activ Carbon black 4GB+64GB,1,TANMOY BHATTACHARYA,8436998266,FEFDEYTGDY14@GMAIL.COM,,,10/30/2021 20:58,8499,Cash,Completed,
SONAR BANGLA SHOPPING COMPLEX,West Bengal,,SA1218032225597116,S290439102100117,36333,Redmi 9 Activ Metallic Purple 4GB+64GB,1,SUPARNA MALLIK,7007234585,FGDDHGGSD154@GMAIL.COM,,,10/30/2021 20:57,8499,Cash,Completed,
SONAR BANGLA SHOPPING COMPLEX,West Bengal,,SA1218032312713201,S290439102100116,36650,Redmi 9 Activ Carbon black 4GB+64GB,1,SARASWATI MAJI,7001202418,FTDSYGWSFT578@GMAIL.COM,,,10/30/2021 20:55,8499,Cash,Completed,
SONAR BANGLA SHOPPING COMPLEX,West Bengal,,SA1218032326798220,S290439102100115,36333,Redmi 9 Activ Metallic Purple 4GB+64GB,1,TAPAN JANA,7980577754,GFDFSD1458@GMAIL.COM,,,10/30/2021 20:53,8499,Cash,Completed,
SONAR BANGLA SHOPPING COMPLEX,West Bengal,,SA1218032332063904,S290439102100114,36333,Redmi 9 Activ Metallic Purple 4GB+64GB,1,MONISANKAR JANA,8436006625,BSUROJ1212@GMAIL.COM,,,10/30/2021 20:51,8499,Cash,Completed,
SONAR BANGLA SHOPPING COMPLEX,West Bengal,,SA1218032225597716,S290439102100113,36650,Redmi 9 Activ Carbon black 4GB+64GB,1,TAPAN MONDAL,8695787284,PRITAM.921@GMAIL.COM,,,10/30/2021 20:49,8499,Cash,Completed,
SONAR BANGLA SHOPPING COMPLEX,West Bengal,,SA1218032225855222,S290439102100112,36650,Redmi 9 Activ Carbon black 4GB+64GB,1,SITESH GHARA,9038009422,PRITAMDAS921@GMAIL.COM,,,10/30/2021 20:47,8499,Cash,Completed,
SONAR BANGLA SHOPPING COMPLEX,West Bengal,,SA1218002280854928,S290439102100111,36650,Redmi 9 Activ Carbon black 4GB+64GB,1,BAPAN BERA,9046151733,BSUDIP.1.1212@GMAIL.COM,,,10/30/2021 20:46,8499,Cash,Completed,
SONAR BANGLA SHOPPING COMPLEX,West Bengal,,SA1218002280855328,S290439102100110,36650,Redmi 9 Activ Carbon black 4GB+64GB,1,SOVAN PRAMANIK,9382583697,PRTM2828282@GMAIL.COM,,,10/30/2021 20:43,8499,Cash,Completed,
SONAR BANGLA SHOPPING COMPLEX,West Bengal,,SA1218022229641611,S290439102100109,36650,Redmi 9 Activ Carbon black 4GB+64GB,1,RABIN MAITY,9733675783,01SONARBANGLA@GMAIL.COM,,,10/30/2021 20:40,8499,Cash,Completed,
SONAR BANGLA SHOPPING COMPLEX,West Bengal,,SA1218012286607315,S290439102100108,36650,Redmi 9 Activ Carbon black 4GB+64GB,1,PATAP DAS,9734825954,DDDKKRE@GMAIL.COM,,,10/30/2021 20:38,8499,Cash,Completed,
SONAR BANGLA SHOPPING COMPLEX,West Bengal,,SA1218032225259821,S290439102100107,36650,Redmi 9 Activ Carbon black 4GB+64GB,1,BUBAI DHARA,9734827926,BSUDIP.1212@GMAIL.COM,,,10/30/2021 20:35,8499,Cash,Completed,
SONAR BANGLA SHOPPING COMPLEX,West Bengal,,SA1218032312199207,S290439102100106,20262,Mi Sports Bluetooth Earphones Basic Black,1,SUBHADIP UTTHASINI,9083737447,SUBHADIPUTTHASINI360@GMAIL.COM,,,10/30/2021 19:15,1199,Cash,Completed,
SONAR BANGLA SHOPPING COMPLEX,West Bengal,,SA1217992233167019,S290439102100105,34411,Redmi Note 10T 5G Metallic Blue 4GB+64GB,1,DINABANDHU BERA,9732672529,DINABANDHUBERA9732@GMAIL.COM,,,10/29/2021 20:30,14499,Cash,Completed,
SONAR BANGLA SHOPPING COMPLEX,West Bengal,,SA1218002224295506,S290439102100104,34407,Redmi Note 10T 5G Metallic Blue 6GB+128GB,1,GANGA MAJI,8016524978,bsuroj1212@gmail.com,,,10/29/2021 20:28,16499,Cash,Completed,
SONAR BANGLA SHOPPING COMPLEX,West Bengal,,SA1218022251727405,S290439102100103,34407,Redmi Note 10T 5G Metallic Blue 6GB+128GB,1,SOUVIK MONDAL,9083865975,bsudip1212@gmail.com,,,10/29/2021 20:25,16499,Cash,Completed,
SONAR BANGLA SHOPPING COMPLEX,West Bengal,,SA1218012205430317,S290439102100102,34411,Redmi Note 10T 5G Metallic Blue 4GB+64GB,1,RANJIT MISHRA,8768092687,ranjitmishra68@gmail.com,,,10/29/2021 20:22,14499,Cash,Completed,
SONAR BANGLA SHOPPING COMPLEX,West Bengal,,SA1217992299691516,S290439102100101,27075,Redmi SonicBass Wireless Earphones Black,1,AVIJIT DAS,9064479234,avijit6491@gmail.com,,,10/29/2021 11:30,1099,Cash,Completed,
SONAR BANGLA SHOPPING COMPLEX,West Bengal,,SA1217992233799312,S290439102100100,28356,Mi USB Type C Cable Black,1,SUSAHANTA SHEE,7063449433,SUSHANTASHEE13@GMAIL.COM,,,10/29/2021 9:41,199,Cash,Completed,
SONAR BANGLA SHOPPING COMPLEX,West Bengal,,SA1218012286780715,S290439102100099,36829,Redmi Note 10T 5G Chromium White 4GB+64GB,1,SOURAV RANA,9735645794,BSUROJ1212@GMAIL.COM,,,10/28/2021 20:06,14499,Cash,Completed,
SONAR BANGLA SHOPPING COMPLEX,West Bengal,,SA1217992233255519,S290439102100098,34411,Redmi Note 10T 5G Metallic Blue 4GB+64GB,1,DINABANDHU BERA,9732672529,DINABANDHUBERA9732@GMAIL.COM,,,10/28/2021 19:45,14499,Cash,Completed,
SONAR BANGLA SHOPPING COMPLEX,West Bengal,,SA1218002280752020,S290439102100097,34411,Redmi Note 10T 5G Metallic Blue 4GB+64GB,1,MOUMITA BAG,8967271999,BSUROJ1212@GMAIL.COM,,,10/28/2021 19:42,14499,Cash,Completed,
SONAR BANGLA SHOPPING COMPLEX,West Bengal,,SA1218012205510617,S290439102100096,34411,Redmi Note 10T 5G Metallic Blue 4GB+64GB,1,RANJAN PANDA,9936547958,BSUDIP1212@GMAIL.COM,,,10/28/2021 19:30,14499,Cash,Completed,
SONAR BANGLA SHOPPING COMPLEX,West Bengal,,SA1218002224685303,S290439102100095,25740,Mi Step Out Backpack Black,1,ARUP PATRA,9907186060,patraarup721651@gmail.com,,,10/28/2021 13:10,249,Cash,Completed,
SONAR BANGLA SHOPPING COMPLEX,West Bengal,,SA1218002224441206,S290439102100094,23179,Mi Earphones Basic Black,1,KRISHNENDU DAS,9735803818,KDDAS431@GMAIL.COM,,,10/27/2021 20:23,399,Cash,Completed,
SONAR BANGLA SHOPPING COMPLEX,West Bengal,,SA1217992233024929,,23179,Mi Earphones Basic Black,1,KRISHNENDU DAS,9735803818,KDDAS431@GMAIL.COM,,,10/27/2021 20:21,399,Wallet,Closed,
SONAR BANGLA SHOPPING COMPLEX,West Bengal,,SA1217992299209310,S290439102100093,34429,Redmi Note 10T 5G Mint Green 4GB+64GB,1,SUBHENDU PAL,9679880381,SRIKANTAMAJI655@GMAIL.COM,,,10/27/2021 18:50,14499,Cash,Completed,
SONAR BANGLA SHOPPING COMPLEX,West Bengal,,SA1217952280427312,S290439102100092,25636,Mi USB Cable 120cm Black.,1,SUBHAJIT SAMANTA,6297647205,subhajitsamanta12@gmail.com,,,10/25/2021 19:09,199,Cash,Completed,
SONAR BANGLA SHOPPING COMPLEX,West Bengal,,SA1217972324710817,S290439102100091,30559,Mi 27W SonicCharge Adapter White,1,POBITRA GHARAI,6295794117,POBITRAGHARAI6@GMAIL.COM,,,10/25/2021 12:13,549,Cash,Completed,
SONAR BANGLA SHOPPING COMPLEX,West Bengal,,SA1217952280502512,S290439102100090,23794,Mi 2A Fast Charger with Cable Black,1,SKHENDU PATRA,9002640962,BSUDIP1212@GMAIL.COM,,,10/24/2021 14:54,449,Cash,Completed,
SONAR BANGLA SHOPPING COMPLEX,West Bengal,,SA1217952311295811,S290439102100089,25636,Mi USB Cable 120cm Black.,1,CHANDAN KUILA,9749583973,BSUDIP1212@GMAIL.COM,,,10/23/2021 19:03,199,Cash,Completed,
SONAR BANGLA SHOPPING COMPLEX,West Bengal,,SA1217952280018932,S290439102100088,28645,10000mAh Mi Power Bank 3i Black,1,DEBASIS BERA,9002648716,DEBASISBERA1976@GMAIL.COM,,,10/23/2021 18:07,899,Cash,Completed,
SONAR BANGLA SHOPPING COMPLEX,West Bengal,,SA1217962229723502,S290439102100087,34408,Redmi Note 10T 5G Graphite Black 6GB+128GB,1,MANORANJAN MAITY,9732646223,MANARANJAN.MAITY72@GMAIL.COM,,,10/23/2021 17:50,16999,Cash,Completed,
SONAR BANGLA SHOPPING COMPLEX,West Bengal,,SA1217922321708820,S290439102100086,23179,Mi Earphones Basic Black,1,SUNIL KUMAR BERA,7547927745,SUNILKUMAR11153@GMAIL.COM,,,10/23/2021 14:41,548,Cash,Completed,
SONAR BANGLA SHOPPING COMPLEX,West Bengal,,SA1217932183573215,S290439102100085,23179,Mi Earphones Basic Black,1,SAHANA SULTANA BIBI,9733137317,MDLAYANOORRAHAMAN@GMAIL.COM,,,10/23/2021 12:22,399,Cash,Completed,
SONAR BANGLA SHOPPING COMPLEX,West Bengal,,SA1217962138283616,S290439102100084,34430,Redmi Note 10T 5G Mint Green 6GB+128GB,1,SAHANA SULTANA BIBI,9733137317,MDLAYANOORRAHAMAN@GMAIL.COM,,,10/23/2021 12:12,16999,Cash,Completed,
SONAR BANGLA SHOPPING COMPLEX,West Bengal,,SA1217922308433921,S290439102100083,29762,Redmi Earbuds 2C Black,1,SAYANDEV KANJILAL,7001696072,JANAUNMAN88@GMAIL.COM,,,10/22/2021 11:41,899,Cash,Completed,
SONAR BANGLA SHOPPING COMPLEX,West Bengal,,SA1217942311037023,S290439102100082,29762,Redmi Earbuds 2C Black,1,UNMAN JANA,6297497725,JANAUNMAN88@GMAIL.COM,,,10/22/2021 11:39,899,Cash,Completed,
SONAR BANGLA SHOPPING COMPLEX,West Bengal,,SA1217912279051019,S290439102100081,23179,Mi Earphones Basic Black,1,SOUMEN BARMAN,8617004067,SOUMENBARMAN@GMAIL.COM,,,10/21/2021 18:32,399,Cash,Completed,
SONAR BANGLA SHOPPING COMPLEX,West Bengal,,SA1217922321318430,S290439102100080,25147,Mi Portable Wireless Mouse Black,1,PRABIR KUMAR SAHOO,8972652190,sahoopritam21@gmail.com,,,10/21/2021 16:06,500,Cash,Completed,
SONAR BANGLA SHOPPING COMPLEX,West Bengal,,SA1217932183424327,S290439102100079,31995,Redmi Note 10S Shadow Black 6GB+128GB,1,SAMIRAN SAMANTA,9002402201,samiransamanta755@gmail.com,,,10/21/2021 15:03,15999,Cash,Completed,
SONAR BANGLA SHOPPING COMPLEX,West Bengal,,SA1217922321591003,S290439102100078,29762,Redmi Earbuds 2C Black,1,RAJIB MALLICK,8653424514,rajib.mallick160@gmail.com,,,10/21/2021 12:49,899,Cash,Completed,
SONAR BANGLA SHOPPING COMPLEX,West Bengal,,SA1217912279359832,S290439102100077,31771,Redmi Note 10 Pro Vintage Bronze 6GB+128GB,1,RAJIB MALLICK,8653424514,rajib.mallick160@gmail.com,,,10/21/2021 12:38,17999,Cash,Completed,
SONAR BANGLA SHOPPING COMPLEX,West Bengal,,SA1217932183481627,S290439102100076,31998,Redmi Note 10S Deep Sea Blue 6GB+128GB,1,AMIT MAITY,9933731882,AMITMAITY147@GMAIL.COM,,,10/20/2021 16:44,15999,Cash,Completed,
SONAR BANGLA SHOPPING COMPLEX,West Bengal,,SA1217912308075616,S290439102100075,35416,Redmi 10 Prime Phantom Black 4GB+64GB,1,radha kanta adak,9933964512,kradha154@gmail.com,,,10/20/2021 14:07,11999,Cash,Completed,
SONAR BANGLA SHOPPING COMPLEX,West Bengal,,SA1217922308901022,S290439102100074,28356,Mi USB Type C Cable Black,1,SOUMEN BARMAN,8768223182,SOUMENBARMAN@MAIL.COM,,,10/20/2021 12:45,199,Cash,Completed,
SONAR BANGLA SHOPPING COMPLEX,West Bengal,,SA1217922327198104,S290439102100073,28944,Redmi 9A Nature Green 2GB+32GB,1,TARUN MONDAL,9933966441,TMONDAL54@GMAIL.COM,,,10/20/2021 12:19,6999,Cash,Completed,
SONAR BANGLA SHOPPING COMPLEX,West Bengal,,SA1217922264743801,S290439102100072,28942,Redmi 9A Sea Blue 2GB+32GB,1,AMIO ROY,9564575976,AMIOROY420@GMAIL.COM,,,10/20/2021 12:16,6999,Cash,Completed,
SONAR BANGLA SHOPPING COMPLEX,West Bengal,,SA1217912181294618,S290439102100071,23794,Mi 2A Fast Charger with Cable Black,1,SWPAN BERA,9679804478,SWAPANBERA234@GMAIL.COM,,,10/19/2021 17:36,449,Cash,Completed,
SONAR BANGLA SHOPPING COMPLEX,West Bengal,,SA1217912279468932,S290439102100070,31771,Redmi Note 10 Pro Vintage Bronze 6GB+128GB,1,TANIA SAMANTA,6370435180,SUJOYTANIADUYA@GMAIL.COM,,,10/19/2021 17:02,17999,Cash,Completed,
SONAR BANGLA SHOPPING COMPLEX,West Bengal,,SA1217882293796220,S290439102100069,32253,Redmi 9 Power Blazing Blue 6GB+128GB,1,DEBASISH MAITY,9126769277,DMAITY537@GMAIL.COM,,,10/19/2021 15:15,13499,Cash,Completed,
SONAR BANGLA SHOPPING COMPLEX,West Bengal,,SA1217902178680626,S290439102100068,24796,Mi Smart Band 3i Charging Cable Black,1,subhendu mondal,9732936609,BAPE420@GMAIL.COM,,,10/18/2021 20:49,129,Cash,Completed,
SONAR BANGLA SHOPPING COMPLEX,West Bengal,,SA1217902316336614,S290439102100067,28356,Mi USB Type C Cable Black,1,mangaldip routh,9083632063,mangal@gmail.com,,,10/18/2021 18:30,199,Cash,Completed,
SONAR BANGLA SHOPPING COMPLEX,West Bengal,,SA1217892235317815,S290439102100066,31771,Redmi Note 10 Pro Vintage Bronze 6GB+128GB,1,ASIT PANDIT,9800090335,ASITECO88@GMAIL.COM,,,10/17/2021 17:50,17999,Cash,Completed,
SONAR BANGLA SHOPPING COMPLEX,West Bengal,,SA1217882303751416,S290439102100065,28356,Mi USB Type C Cable Black,1,MONIRUL ISLAM,7980190640,MONIRUL5485@GMAIL.COM,,,10/17/2021 13:59,648,Cash,Completed,
SONAR BANGLA SHOPPING COMPLEX,West Bengal,,SA1217882325987904,S290439102100064,25636,Mi USB Cable 120cm Black.,1,SHARIER,7478125657,SHARIER687@GMAIL.COM,,,10/17/2021 10:01,199,Cash,Completed,
SONAR BANGLA SHOPPING COMPLEX,West Bengal,,SA1217872310629211,S290439102100063,30559,Mi 27W SonicCharge Adapter White,1,DIPU MANNA,6296033513,dipumanna503@gmail.com,,,10/16/2021 10:36,449,Cash,Completed,
SONAR BANGLA SHOPPING COMPLEX,West Bengal,,SA1217872303589032,S290439102100062,31949,Mi 11X 5G Cosmic Black 8GB+128GB,1,BINOD MANNA,8768996438,MANNABINOD1988@GMAIL.COM,,,10/15/2021 12:56,31999,Cash,Completed,
SONAR BANGLA SHOPPING COMPLEX,West Bengal,,SA1217852281920024,S290439102100061,31995,Redmi Note 10S Shadow Black 6GB+128GB,1,PANCHANAN MAITY,9800443550,PANCHANANMAITY147@GMAIL.COM,,,10/15/2021 11:56,15999,Cash,Completed,
SONAR BANGLA SHOPPING COMPLEX,West Bengal,,SA1217852185773030,S290439102100060,33697,Mi LED TV 4A Pro 80cm (32) Black,1,BISWANATH BARMAN,9775881424,BISWANATHBARMAN147@GMAIL.COM,,,10/14/2021 20:48,14999,Cash,Completed,
SONAR BANGLA SHOPPING COMPLEX,West Bengal,,SA1217852281150615,S290439102100059,36338,Redmi 9 Activ Coral Green 6GB+128GB,1,SAHADEV DHARA,9800779970,SAHADEVDHARA154@GMAIL.COM,,,10/14/2021 18:36,10999,Cash,Completed,
SONAR BANGLA SHOPPING COMPLEX,West Bengal,,SA1217862310185514,S290439102100058,25740,Mi Step Out Backpack Black,1,dines dutta,8670678429,dimesh@gmail.com,,,10/14/2021 14:18,269,Cash,Completed,
SONAR BANGLA SHOPPING COMPLEX,West Bengal,,SA1217832227689726,S290439102100057,29342,Redmi 9 Carbon Black 4GB+64GB,1,DEBABRATA DAS,9564578632,DEVDAS34@GMAIL.COM,,,10/12/2021 20:34,8799,Cash,Completed,
SONAR BANGLA SHOPPING COMPLEX,West Bengal,,SA1217852255200528,S290439102100056,31998,Redmi Note 10S Deep Sea Blue 6GB+128GB,1,PAMELA ROY,8967852565,PAMMIROY1212@GMAIL.COM,,,10/12/2021 20:29,15999,Cash,Completed,
SONAR BANGLA SHOPPING COMPLEX,West Bengal,,SA1217832290235418,S290439102100055,30646,Redmi 9 Power Mighty Black 4GB+64GB,1,LIPEKA PRAMANIK,9083856278,ONMANTU58@GMAIL.COM,,,10/12/2021 20:07,10999,Cash,Completed,
SONAR BANGLA SHOPPING COMPLEX,West Bengal,,SA1217832290825219,S290439102100054,31998,Redmi Note 10S Deep Sea Blue 6GB+128GB,1,ANUPAMA MONDAL,8967529635,ANUPAMABABU@GMAIL.COM,,,10/12/2021 12:06,15999,Cash,Completed,
SONAR BANGLA SHOPPING COMPLEX,West Bengal,,SA1217842290335507,S290439102100053,27075,Redmi SonicBass Wireless Earphones Black,1,RAHUL KUMAR MONDAL,7432037121,MONDALRAHUL@GMAIL.COM,,,10/12/2021 10:05,1299,Cash,Completed,
SONAR BANGLA SHOPPING COMPLEX,West Bengal,,SA1217832290290918,S290439102100052,30646,Redmi 9 Power Mighty Black 4GB+64GB,1,MOUMITA BAG,8967271999,BAGMOUHAPPY@GMAIL.COM,,,10/11/2021 22:01,10999,Cash,Completed,
SONAR BANGLA SHOPPING COMPLEX,West Bengal,,SA1217832326104712,S290439102100051,30651,Redmi 9 Power Blazing Blue 4GB+64GB,1,SAHELI MANNA,8967528925,CUTESAHELI@GMAIL.COM,,,10/11/2021 21:55,10999,Cash,Completed,
SONAR BANGLA SHOPPING COMPLEX,West Bengal,,SA1217812311621820,S290439102100050,36650,Redmi 9 Activ Carbon black 4GB+64GB,1,TARUN MONDAL,9933966441,TMONDAL54@GMAIL.COM,,,10/11/2021 21:50,8799,Cash,Completed,
SONAR BANGLA SHOPPING COMPLEX,West Bengal,,SA1217812259851103,S290439102100049,36650,Redmi 9 Activ Carbon black 4GB+64GB,1,AMIO ROY,9564575976,AMIOROY420@GMAIL.COM,,,10/11/2021 21:47,8799,Cash,Completed,
SONAR BANGLA SHOPPING COMPLEX,West Bengal,,SA1217832227501314,S290439102100048,30651,Redmi 9 Power Blazing Blue 4GB+64GB,1,SRIKANTA MITRA,9932417287,srikantamitra158@gmail.com,,,10/11/2021 20:41,10999,Cash,Completed,
SONAR BANGLA SHOPPING COMPLEX,West Bengal,,SA1217832326677031,S290439102100047,27075,Redmi SonicBass Wireless Earphones Black,1,SOUMEN KUMAR GHORAI,9635888811,soumenkumarghorai@gmail.com,,,10/11/2021 17:32,1299,Cash,Completed,
SONAR BANGLA SHOPPING COMPLEX,West Bengal,,SA1217822193322124,,27075,Redmi SonicBass Wireless Earphones Black,1,SOUMEN KUMAR GHORAI,9635888811,soumenkumarghorai@gmail.com,,,10/11/2021 17:28,1299,Wallet,Closed,
SONAR BANGLA SHOPPING COMPLEX,West Bengal,,SA1217812008771701,S290439102100046,32253,Redmi 9 Power Blazing Blue 6GB+128GB,1,DILIP HALDER,9733780012,diliphalder14@gmail.com,,,10/11/2021 16:05,13499,Cash,Completed,
SONAR BANGLA SHOPPING COMPLEX,West Bengal,,SA1217832326420510,S290439102100045,36650,Redmi 9 Activ Carbon black 4GB+64GB,1,SRIKANTA MITRA,9932417287,srikantamitra158@gmail.com,,,10/11/2021 15:18,8799,Cash,Completed,
SONAR BANGLA SHOPPING COMPLEX,West Bengal,,SA1217812259619102,S290439102100044,30651,Redmi 9 Power Blazing Blue 4GB+64GB,1,SADDAM HOSSAIN,7872262070,saddamhossain142@gmail.com,,,10/11/2021 12:07,10999,Cash,Completed,
SONAR BANGLA SHOPPING COMPLEX,West Bengal,,SA1217822193627508,S290439102100043,27075,Redmi SonicBass Wireless Earphones Black,1,BIPLAB JANA,9930601702,biplabjana179@gmail.com,,,10/11/2021 10:33,1299,Cash,Completed,
SONAR BANGLA SHOPPING COMPLEX,West Bengal,,SA1217832227553814,S290439102100042,28356,Mi USB Type C Cable Black,1,SOUMEN KUMAR GHORAI,9635888811,soumenkumarghorai@gmail.com,,,10/11/2021 9:18,199,Cash,Completed,
SONAR BANGLA SHOPPING COMPLEX,West Bengal,,SA1217812259131904,S290439102100041,27075,Redmi SonicBass Wireless Earphones Black,1,RITTWIK MAJI,8918376392,rittwikmaji4@gmail.com,,,10/10/2021 18:10,999,Cash,Completed,
SONAR BANGLA SHOPPING COMPLEX,West Bengal,,SA1217812008853401,S290439102100040,24502,Mi Smart Water Purifier White,1,PRITAM DAS,9083856293,KKJKL458@GMAIL.COM,,,10/10/2021 13:50,10999,Cash,Completed,
SONAR BANGLA SHOPPING COMPLEX,West Bengal,,SA1217802363215316,S290439102100039,28356,Mi USB Type C Cable Black,1,SK SAIFUL ISLAM,9733907465,saifulislam527@gmail.com,,,10/10/2021 12:27,199,Cash,Completed,
SONAR BANGLA SHOPPING COMPLEX,West Bengal,,SA1217812259164004,S290439102100038,21025,Mi Micro USB Braided Cable 100cm(Black),1,SK SAIFUL ISLAM,9733907465,saifulislam527@gmail.com,,,10/10/2021 12:25,249,Cash,Completed,
SONAR BANGLA SHOPPING COMPLEX,West Bengal,,SA1217802293332526,S290439102100037,21025,Mi Micro USB Braided Cable 100cm(Black),1,PRITAM DEY,7074912969,pritamdey1212@gmail.com,,,10/10/2021 11:26,249,Cash,Completed,
SONAR BANGLA SHOPPING COMPLEX,West Bengal,,SA1217802363223716,S290439102100036,30651,Redmi 9 Power Blazing Blue 4GB+64GB,1,SUSANTA KUMAR JANA,9933971081,sjana721649@gmail.com,,,10/10/2021 10:42,10999,Cash,Completed,
SONAR BANGLA SHOPPING COMPLEX,West Bengal,,SA1217812008014609,S290439102100035,30651,Redmi 9 Power Blazing Blue 4GB+64GB,1,SUDAKSHNA BERA,9735222064,sudakshnabera567@gmail.com,,,10/9/2021 20:16,10999,Cash,Completed,
SONAR BANGLA SHOPPING COMPLEX,West Bengal,,SA1217812323328613,S290439102100034,27075,Redmi SonicBass Wireless Earphones Black,1,SUJIT KAR,7602023656,kar.sujit2002@gmail.com,,,10/9/2021 19:03,999,Cash,Completed,
SONAR BANGLA SHOPPING COMPLEX,West Bengal,,SA1217812311519230,S290439102100033,36345,Redmi 9i Sport Metallic Blue 4GB+64GB,1,KAMALESH MAITY,8583934742,kamalesh156@gmail.com,,,10/9/2021 19:01,8299,Cash,Completed,
SONAR BANGLA SHOPPING COMPLEX,West Bengal,,SA1217812323062025,S290439102100032,30651,Redmi 9 Power Blazing Blue 4GB+64GB,1,SHRIMANTA PAUL,9933719076,shrimantapaul1@gmail.com,,,10/9/2021 18:48,10999,Cash,Completed,
SONAR BANGLA SHOPPING COMPLEX,West Bengal,,SA1217812363769921,S290439102100031,30651,Redmi 9 Power Blazing Blue 4GB+64GB,1,BALARAM PAUL,7585073712,balarampaul202@gmail.com,,,10/9/2021 18:38,10999,Cash,Completed,
SONAR BANGLA SHOPPING COMPLEX,West Bengal,,SA1217802352112510,S290439102100030,36345,Redmi 9i Sport Metallic Blue 4GB+64GB,1,RANJIT KAR,9932989532,ranjitkar1212@gmail.com,,,10/9/2021 18:13,8299,Cash,Completed,
SONAR BANGLA SHOPPING COMPLEX,West Bengal,,SA1217822193466124,S290439102100029,30651,Redmi 9 Power Blazing Blue 4GB+64GB,1,PAROMITA BHOWMIK,9933714293,pramita465@gmail.com,,,10/9/2021 17:50,10999,Cash,Completed,
SONAR BANGLA SHOPPING COMPLEX,West Bengal,,SA1217792173148525,S290439102100028,29762,Redmi Earbuds 2C Black,1,BRAJA MAITY,7602870516,fsefes87@gmail.com,,,10/8/2021 17:14,899,Cash,Completed,
SONAR BANGLA SHOPPING COMPLEX,West Bengal,,SA1217792300996808,S290439102100027,36345,Redmi 9i Sport Metallic Blue 4GB+64GB,1,NILANJAN CHAKRABORTY,9002414423,jotaviram8972356852@gmail.com,,,10/8/2021 13:30,8299,Cash,Completed,
SONAR BANGLA SHOPPING COMPLEX,West Bengal,,SA1217792173182525,S290439102100026,28646,10000mAh Mi Power Bank 3i Blue,1,SUBHAJIT SANTRA,6295840395,subhajitsantra52@gmail.com,,,10/8/2021 10:38,899,Cash,Completed,
SONAR BANGLA SHOPPING COMPLEX,West Bengal,,SA1217782304552101,S290439102100025,36650,Redmi 9 Activ Carbon black 4GB+64GB,1,BABIN MAITY,9564547985,rmaity582@gmail.com,,,10/7/2021 21:12,8799,Cash,Completed,
SONAR BANGLA SHOPPING COMPLEX,West Bengal,,SA1217802363394516,S290439102100024,36650,Redmi 9 Activ Carbon black 4GB+64GB,1,SUTAPA JANA,9933966421,janasutapa12@gmail.com,,,10/7/2021 21:08,8799,Cash,Completed,
SONAR BANGLA SHOPPING COMPLEX,West Bengal,,SA1217782253754109,S290439102100023,28356,Mi USB Type C Cable Black,1,DEBU SASMAL,9064394983,debusasmal147@gmail.com,,,10/6/2021 18:45,199,Cash,Completed,
SONAR BANGLA SHOPPING COMPLEX,West Bengal,,SA1217782304775101,S290439102100022,28321,Redmi Earphones Black,1,PRATITI DAS,8373062450,PRATITIDAS452@GMAIL.COM,,,10/5/2021 19:33,399,Cash,Completed,
SONAR BANGLA SHOPPING COMPLEX,West Bengal,,SA1217762206296102,S290439102100021,30646,Redmi 9 Power Mighty Black 4GB+64GB,1,PRATITI DAS,8373062450,PRATITIDAS452@GMAIL.COM,,,10/5/2021 19:11,10499,Cash,Completed,
SONAR BANGLA SHOPPING COMPLEX,West Bengal,,SA1217762206649804,S290439102100020,31771,Redmi Note 10 Pro Vintage Bronze 6GB+128GB,1,ARUP GURIA,7047001658,SOURAVG9099@GMAIL.COM,,,10/5/2021 12:36,16999,Cash,Completed,
SONAR BANGLA SHOPPING COMPLEX,West Bengal,,SA1217752360927709,S290439102100019,30651,Redmi 9 Power Blazing Blue 4GB+64GB,1,ANKITA SAMANTA,9593310819,SAMANTACHIRANJIT1995@GMAIL.COM,,,10/5/2021 11:54,10499,Cash,Completed,
SONAR BANGLA SHOPPING COMPLEX,West Bengal,,SA1217762239102106,S290439102100018,28356,Mi USB Type C Cable Black,1,SUSANTA DAS,8617868486,susantadas1174@gmail.com,,,10/4/2021 19:43,199,Cash,Completed,
SONAR BANGLA SHOPPING COMPLEX,West Bengal,,SA1217762320972517,S290439102100017,29454,Redmi 9 Sky Blue 4GB+64GB,1,TUSAR MITRA,9800882377,tusarmitra159@gmail.com,,,10/4/2021 12:14,8499,Cash,Completed,
SONAR BANGLA SHOPPING COMPLEX,West Bengal,,SA1217752380476501,S290439102100016,29454,Redmi 9 Sky Blue 4GB+64GB,1,UTAL ROY,8545698563,UTAL6765@GMAIL.COM,,,10/3/2021 21:34,8499,Cash,Completed,
SONAR BANGLA SHOPPING COMPLEX,West Bengal,,SA1217762206432402,S290439102100015,29454,Redmi 9 Sky Blue 4GB+64GB,1,HALO KOLA,6859652314,HOLAHOLA@GMAIL.COM,,,10/3/2021 21:33,8499,Cash,Completed,
SONAR BANGLA SHOPPING COMPLEX,West Bengal,,SA1217752380477101,S290439102100014,31994,Redmi Note 10S Frost white 6GB+64GB,1,KALU SON,9632569854,KALU0988@GMAIL.COM,,,10/3/2021 21:32,12999,Cash,Completed,
SONAR BANGLA SHOPPING COMPLEX,West Bengal,,SA1217742360445231,S290439102100013,35413,Redmi 10 Prime Astral White 4GB+64GB,1,PUTBF PUCKI,8536254115,PUCKI090@GMAIL.COM,,,10/3/2021 21:31,11999,Cash,Completed,
SONAR BANGLA SHOPPING COMPLEX,West Bengal,,SA1217732354629410,S290439102100012,35413,Redmi 10 Prime Astral White 4GB+64GB,1,HJUK OLK,9685458596,OLKIJ89@GMAIL.COM,,,10/3/2021 21:28,11999,Cash,Completed,
SONAR BANGLA SHOPPING COMPLEX,West Bengal,,SA1217752319350607,S290439102100011,31994,Redmi Note 10S Frost white 6GB+64GB,1,LKJU JANO,9658300145,JANORT56@GMAIL.COM,,,10/3/2021 21:27,12999,Cash,Completed,
SONAR BANGLA SHOPPING COMPLEX,West Bengal,,SA1217732354101719,S290439102100010,35416,Redmi 10 Prime Phantom Black 4GB+64GB,1,K SK,8569325418,K@GMAIL.COM,,,10/3/2021 21:25,11999,Cash,Completed,
SONAR BANGLA SHOPPING COMPLEX,West Bengal,,SA1217752319351007,S290439102100009,29454,Redmi 9 Sky Blue 4GB+64GB,1,KALU ROY,9563258745,KALUROY@GMAIL.COM,,,10/3/2021 21:24,8499,Cash,Completed,
SONAR BANGLA SHOPPING COMPLEX,West Bengal,,SA1217732331041429,S290439102100008,29454,Redmi 9 Sky Blue 4GB+64GB,1,JANU JANA,8012563258,JANA456@GMAIL.COM,,,10/3/2021 21:22,8499,Cash,Completed,
SONAR BANGLA SHOPPING COMPLEX,West Bengal,,SA1217732331042429,S290439102100007,29342,Redmi 9 Carbon Black 4GB+64GB,1,AMIO ROY,9564575976,AMIOROY420@GMAIL.COM,,,10/3/2021 21:19,8499,Cash,Completed,
SONAR BANGLA SHOPPING COMPLEX,West Bengal,,SA1217752210805421,S290439102100006,36345,Redmi 9i Sport Metallic Blue 4GB+64GB,1,TUFAN BERA,8768460118,tufanbera197@gmail.com,,,10/3/2021 19:16,8499,Cash,Completed,
SONAR BANGLA SHOPPING COMPLEX,West Bengal,,SA1217752380913228,S290439102100005,36345,Redmi 9i Sport Metallic Blue 4GB+64GB,1,SILADITYA MONDAL,7047498896,siladityamondal@gmail.com,,,10/3/2021 14:05,8499,Cash,Completed,
SONAR BANGLA SHOPPING COMPLEX,West Bengal,,SA1217752079845522,S290439102100004,31993,Redmi Note 10S Frost white 6GB+128GB,1,ARJUN KUMAR BARMAN,7864042509,kumarbarmanarjun@gmail.com,,,10/3/2021 13:10,15999,Cash,Completed,
SONAR BANGLA SHOPPING COMPLEX,West Bengal,,SA1217742360801112,S290439102100003,29454,Redmi 9 Sky Blue 4GB+64GB,1,ANUKUL SAMANTA,6297020989,anukul12@gmail.com,,,10/3/2021 12:33,8499,Cash,Completed,
SONAR BANGLA SHOPPING COMPLEX,West Bengal,,SA1217712372306620,S290439102100002,27075,Redmi SonicBass Wireless Earphones Black,1,BISWAJIT MONDAL,7319304589,biswajitmondal1@gmail.com,,,10/2/2021 18:29,1299,Cash,Completed,
SONAR BANGLA SHOPPING COMPLEX,West Bengal,,SA1217732302904523,S290439102100001,31993,Redmi Note 10S Frost white 6GB+128GB,1,NANDA PARIA,8001493445,nandaparia1212@gmail.com,,,10/1/2021 18:58,16499,Cash,Completed,
SONAR BANGLA SHOPPING COMPLEX,West Bengal,,SA1217722302586008,S290439092100067,25083,Mi Dual Driver In-ear Earphones Blue,1,SUBHAJIT SAMANTA,6297647205,subhajitsamanta12@gmail.com,,,9/30/2021 20:13,799,Cash,Completed,
SONAR BANGLA SHOPPING COMPLEX,West Bengal,,SA1217722179526615,S290439092100066,28645,10000mAh Mi Power Bank 3i Black,1,SOMNATH SINGHA,8617416504,somnathsingha462@gmail.com,,,9/30/2021 17:37,999,Cash,Completed,
SONAR BANGLA SHOPPING COMPLEX,West Bengal,,SA1217712372486820,S290439092100065,25083,Mi Dual Driver In-ear Earphones Blue,1,BISWAJIT MAHANT,7072606648,biswajimahanta0323@gmail.com,,,9/29/2021 19:07,799,Cash,Completed,
SONAR BANGLA SHOPPING COMPLEX,West Bengal,,SA1217712306600909,S290439092100064,30240,Redmi 9i Nature Green 4GB+64GB,1,SUROJ BERA,9593793393,bsuroj1212@gmail.com,,,9/28/2021 19:46,8800,Cash,Completed,
SONAR BANGLA SHOPPING COMPLEX,West Bengal,,SA1217692296924511,S290439092100063,31998,Redmi Note 10S Deep Sea Blue 6GB+128GB,1,PABITRA KUMAR MONDAL,9382448940,pabitramarman907@gmail.com,,,9/27/2021 19:14,16499,Cash,Completed,
SONAR BANGLA SHOPPING COMPLEX,West Bengal,,SA1217692296442829,S290439092100062,34411,Redmi Note 10T 5G Metallic Blue 4GB+64GB,1,RAMKRISHNA MAJI,8172048737,majixerox@gmail.com,,,9/26/2021 15:29,14999,Cash,Completed,
SONAR BANGLA SHOPPING COMPLEX,West Bengal,,SA1217652345554723,S290439092100061,24795,Mi Smart Band 4 Charging Cable Black,1,TANMOY MAITY,8768148586,tanmoymaity1212@gmail.com,,,9/26/2021 9:57,199,Cash,Completed,
SONAR BANGLA SHOPPING COMPLEX,West Bengal,,SA1217672254546703,S290439092100060,32253,Redmi 9 Power Blazing Blue 6GB+128GB,1,BISHNUPADA GUCHHAIT,8348509284,bishnupada1212@gmail.com,,,9/25/2021 19:23,13499,Cash,Completed,
SONAR BANGLA SHOPPING COMPLEX,West Bengal,,SA1217672286650425,S290439092100059,21025,Mi Micro USB Braided Cable 100cm(Black),1,SUBHAM DOLAI,9126868716,subhamdolai1212@gmail.com,,,9/25/2021 18:39,249,Cash,Completed,
SONAR BANGLA SHOPPING COMPLEX,West Bengal,,SA1217662228769709,S290439092100058,31994,Redmi Note 10S Frost white 6GB+64GB,1,SWARUP BERA,7407648063,swarupbera1212@gmail.com,,,9/25/2021 18:36,14999,Cash,Completed,
SONAR BANGLA SHOPPING COMPLEX,West Bengal,,SA1217652345580523,S290439092100057,35413,Redmi 10 Prime Astral White 4GB+64GB,1,SUJIT KUMAR MONDAL,9733603338,sujit1212@gmail.com,,,9/25/2021 18:04,12800,Cash,Completed,
SONAR BANGLA SHOPPING COMPLEX,West Bengal,,SA1217652321735619,S290439092100056,20270,Mi Compact Bluetooth Speaker 2,1,RITTWIK MAJI,8918376392,rittwikmaji4@gmail.com,,,9/25/2021 17:02,799,Cash,Completed,
SONAR BANGLA SHOPPING COMPLEX,West Bengal,,SA1217662322089922,S290439092100055,35416,Redmi 10 Prime Phantom Black 4GB+64GB,1,SANJOY PATRA,9002083490,sanjoy123patra@gmail.com,,,9/25/2021 10:48,12499,Cash,Completed,
SONAR BANGLA SHOPPING COMPLEX,West Bengal,,SA1217652321557610,S290439092100054,30649,Redmi 9 Power Electric Green 4GB+64GB,1,SUBHAJIT MONDAL,7699847945,mondalsubha264@gmail.com,,,9/24/2021 13:10,11499,Cash,Completed,
SONAR BANGLA SHOPPING COMPLEX,West Bengal,,SA1217662332716231,S290439092100053,26599,Redmi 20000mAh Power Bank Black,1,AYAN MAITY,8016825671,ayanmaity709@gmail.com,,,9/24/2021 11:21,1499,Cash,Completed,
SONAR BANGLA SHOPPING COMPLEX,West Bengal,,SA1217632378463230,S290439092100052,35416,Redmi 10 Prime Phantom Black 4GB+64GB,1,KOYEL GURIA,7001785291,koyelguria1212@gmail.com,,,9/23/2021 16:53,12499,Cash,Completed,
SONAR BANGLA SHOPPING COMPLEX,West Bengal,,SA1217622327291512,S290439092100051,31994,Redmi Note 10S Frost white 6GB+64GB,1,SURIYA KANTA MONDAL,8327440778,suriyiakantimondal@gmaill.com,,,9/23/2021 11:38,14999,Cash,Completed,
SONAR BANGLA SHOPPING COMPLEX,West Bengal,,SA1217622318911216,S290439092100050,30652,Redmi 9 Power Fiery Red 4GB+64GB,1,BUBUN BHANJA,9933312779,bubunbhanja7@gmail.com,,,9/23/2021 10:59,11499,Cash,Completed,
SONAR BANGLA SHOPPING COMPLEX,West Bengal,,SA1217632234100506,S290439092100049,30651,Redmi 9 Power Blazing Blue 4GB+64GB,1,BINA PANI MANDAL,9609110876,bishnupadaguchait66@gmail.com,,,9/21/2021 18:08,11499,Cash,Completed,
SONAR BANGLA SHOPPING COMPLEX,West Bengal,,SA1217612259270805,S290439092100048,28940,Redmi 9A Midnight Black 3GB+32GB,1,RUPALI UTTHASINI,9547893407,RUPALIUTTHASINI658@GMAIL.COM,,,9/21/2021 17:49,7999,Cash,Completed,
SONAR BANGLA SHOPPING COMPLEX,West Bengal,,SA1217632336740125,S290439092100047,28944,Redmi 9A Nature Green 2GB+32GB,1,POULABI CHAKRABORTY,7477721392,poulabichakraborty6@gmail.com,,,9/21/2021 17:00,6999,Cash,Completed,
SONAR BANGLA SHOPPING COMPLEX,West Bengal,,SA1217612173488511,S290439092100046,23794,Mi 2A Fast Charger with Cable Black,1,SWAPAN KUMAR BARMAN,9564449658,swapanbarman1968@gmail.com,,,9/21/2021 13:30,449,Cash,Completed,
SONAR BANGLA SHOPPING COMPLEX,West Bengal,,SA1217602198071808,S290439092100045,35416,Redmi 10 Prime Phantom Black 4GB+64GB,1,PAYEL DAS,7001233049,dasp4025@gmail.com,,,9/20/2021 11:01,12499,Cash,Completed,
SONAR BANGLA SHOPPING COMPLEX,West Bengal,,SA1217612173571811,S290439092100044,31994,Redmi Note 10S Frost white 6GB+64GB,1,IMRAN KHAN,8001695421,isk13543@gmail.com,,,9/19/2021 20:54,14999,Cash,Completed,
SONAR BANGLA SHOPPING COMPLEX,West Bengal,,SA1217582297468707,S290439092100043,30651,Redmi 9 Power Blazing Blue 4GB+64GB,1,ALPANA SATPATI,8327328768,msatpati03@gmail.com,,,9/19/2021 19:39,11499,Cash,Completed,
SONAR BANGLA SHOPPING COMPLEX,West Bengal,,SA1217582297472107,S290439092100042,30651,Redmi 9 Power Blazing Blue 4GB+64GB,1,ARPITA SAMANTA,7407668886,arpitasamanta1212@gmail.com,,,9/19/2021 18:55,11499,Cash,Completed,
SONAR BANGLA SHOPPING COMPLEX,West Bengal,,SA1217622318047422,S290439092100041,30651,Redmi 9 Power Blazing Blue 4GB+64GB,1,SABITA JANA,9733978502,anirbansahu.sahu@gmail.com,,,9/19/2021 18:53,11499,Cash,Completed,
SONAR BANGLA SHOPPING COMPLEX,West Bengal,,SA1217592008859203,S290439092100040,35416,Redmi 10 Prime Phantom Black 4GB+64GB,1,SHUBHENDU BERA,6296714044,berashubhendu248@gmail.com,,,9/19/2021 15:51,12499,Cash,Completed,
SONAR BANGLA SHOPPING COMPLEX,West Bengal,,SA1217612259684931,S290439092100039,34236,Redmi Note 10 Pro Max Dark Nebula 8GB+128GB,1,NIRMAL GUCHHAIT,8101910823,nirmalguchhait1212@gmail.com,,,9/19/2021 12:49,21999,Cash,Completed,
SONAR BANGLA SHOPPING COMPLEX,West Bengal,,SA1217612259164610,S290439092100038,35413,Redmi 10 Prime Astral White 4GB+64GB,1,BABU ROUTH,9635941227,baburouth514@gmail.com,,,9/18/2021 19:08,12499,Cash,Completed,
SONAR BANGLA SHOPPING COMPLEX,West Bengal,,SA1217592306918924,S290439092100037,30651,Redmi 9 Power Blazing Blue 4GB+64GB,1,KOUSIK GHOSH,8670239555,kousikghosh1212@gmail.com,,,9/17/2021 11:43,11499,Cash,Completed,
SONAR BANGLA SHOPPING COMPLEX,West Bengal,,SA1217572281341611,S290439092100036,34429,Redmi Note 10T 5G Mint Green 4GB+64GB,1,SUMAN GHARA,9381935038,pabitraghara384@gmail.com,,,9/17/2021 9:59,14999,Cash,Completed,
SONAR BANGLA SHOPPING COMPLEX,West Bengal,,SA1217572215537019,S290439092100035,35413,Redmi 10 Prime Astral White 4GB+64GB,1,PRITAM DAS,9083856293,KKJKL458@GMAIL.COM,,,9/16/2021 21:27,12499,Cash,Completed,
SONAR BANGLA SHOPPING COMPLEX,West Bengal,,SA1217592243024303,S290439092100034,31772,Redmi Note 10 Pro Glacial Blue 6GB+128GB,1,ROHIT GIRI,6296015626,rohitgirioppo@gmail.com,,,9/16/2021 21:03,17999,Cash,Completed,
SONAR BANGLA SHOPPING COMPLEX,West Bengal,,SA1217582234851921,S290439092100033,25636,Mi USB Cable 120cm Black.,1,RATHIN DRANATH CHATTERJEE,9614393131,RATHINDRANATHCHATTERJEE1258@GMAIL.COM,,,9/16/2021 20:34,199,Cash,Completed,
SONAR BANGLA SHOPPING COMPLEX,West Bengal,,SA1217552337420513,S290439092100032,26599,Redmi 20000mAh Power Bank Black,1,DIPANKAR KUILA,9064147696,r124578n@gmail.com,,,9/15/2021 18:25,1499,Cash,Completed,
SONAR BANGLA SHOPPING COMPLEX,West Bengal,,SA1217542338935228,S290439092100031,30646,Redmi 9 Power Mighty Black 4GB+64GB,1,DIPANKAR KUILA,9064147696,r124578n@gmail.com,,,9/15/2021 18:18,11499,Cash,Completed,
SONAR BANGLA SHOPPING COMPLEX,West Bengal,,SA1217552275929525,S290439092100030,30651,Redmi 9 Power Blazing Blue 4GB+64GB,1,RAJIB MURA,7076923407,rajibmura121@gmail.com,,,9/13/2021 11:54,11499,Cash,Completed,
SONAR BANGLA SHOPPING COMPLEX,West Bengal,,SA1217532291147718,S290439092100029,30651,Redmi 9 Power Blazing Blue 4GB+64GB,1,INDRANIL SAMANTA,9382343801,indranil830@gmail.com,,,9/13/2021 11:16,11500,Cash,Completed,
SONAR BANGLA SHOPPING COMPLEX,West Bengal,,SA1217542249953316,S290439092100028,30651,Redmi 9 Power Blazing Blue 4GB+64GB,1,SUNITA MANNA,9734764916,arijitmanna487@gmail.com,,,9/12/2021 12:13,11499,Cash,Completed,
SONAR BANGLA SHOPPING COMPLEX,West Bengal,,SA1217532291188918,S290439092100027,24795,Mi Smart Band 4 Charging Cable Black,1,RAJIB JANA,8116317999,RAJIBKUMARJANA198@GMAIL.COM,,,9/12/2021 10:53,199,Cash,Completed,
SONAR BANGLA SHOPPING COMPLEX,West Bengal,,SA1217542249403409,S290439092100026,30559,Mi 27W SonicCharge Adapter White,1,GOBINDA SAU,9476166936,GOBINDAASAU@GMAIL.COM,,,9/11/2021 20:35,549,Cash,Completed,
SONAR BANGLA SHOPPING COMPLEX,West Bengal,,SA1217532251604623,S290439092100025,32256,Redmi 9 Power Fiery Red 6GB+128GB,1,SOUMAN ADHIKARY,7063474341,asouman1212@gmail.com,,,9/11/2021 18:28,13499,Cash,Completed,
SONAR BANGLA SHOPPING COMPLEX,West Bengal,,SA1217502311750930,S290439092100024,28944,Redmi 9A Nature Green 2GB+32GB,1,CHANDAN MAJI,9635444242,chandanmaji1212@gmail.com,,,9/11/2021 17:41,6999,Cash,Completed,
SONAR BANGLA SHOPPING COMPLEX,West Bengal,,SA1217512308329924,S290439092100023,31996,Redmi Note 10S Deep Sea Blue 6GB+64GB,1,DINABANDHU BERA,8945026956,dinabandhubera9732@gmail.com,,,9/10/2021 21:08,14999,Cash,Completed,
SONAR BANGLA SHOPPING COMPLEX,West Bengal,,SA1217502199641322,S290439092100022,32886,Redmi Note 10 Pro Dark Night 8GB+128GB,1,NEW CLASSIC MOBILE,8001938029,biplab1212@gmail.com,,,9/10/2021 17:08,18999,Cash,Completed,
SONAR BANGLA SHOPPING COMPLEX,West Bengal,,SA1217492318006826,S290439092100021,30651,Redmi 9 Power Blazing Blue 4GB+64GB,1,TARUN KUMAR JANA,9647155170,231tarunkumarjana@gmail.com,,,9/10/2021 16:40,11499,Cash,Completed,
SONAR BANGLA SHOPPING COMPLEX,West Bengal,,SA1217492200118210,S290439092100020,30651,Redmi 9 Power Blazing Blue 4GB+64GB,1,SUJATA DAS,8116795977,sujatadas1212@gmail.com,,,9/9/2021 20:12,11499,Cash,Completed,
SONAR BANGLA SHOPPING COMPLEX,West Bengal,,SA1217502311627320,S290439092100019,28356,Mi USB Type C Cable Black,1,SUMALYA BARMAN,7908015300,sumaloybarman1212@gmail.com,,,9/9/2021 16:53,199,Cash,Completed,
SONAR BANGLA SHOPPING COMPLEX,West Bengal,,SA1217492200705319,S290439092100018,26599,Redmi 20000mAh Power Bank Black,1,SK SAHALAM,8001100603,SKSAHALAM254@GMAIL.COM,,,9/9/2021 15:30,1499,Cash,Completed,
SONAR BANGLA SHOPPING COMPLEX,West Bengal,,SA1217502260007509,S290439092100017,31996,Redmi Note 10S Deep Sea Blue 6GB+64GB,1,SUVENDU SANTRA,9083137710,SUVENDUSANTRA542@GMAIL.COM,,,9/9/2021 13:41,14999,Cash,Completed,
SONAR BANGLA SHOPPING COMPLEX,West Bengal,,SA1217492200448011,S290439092100016,31994,Redmi Note 10S Frost white 6GB+64GB,1,UTTAM KUMAR GAYEN,9735301938,uttamkumargayen15@gmail.com,,,9/9/2021 12:28,14999,Cash,Completed,
SONAR BANGLA SHOPPING COMPLEX,West Bengal,,SA1217512264635615,S290439092100015,28942,Redmi 9A Sea Blue 2GB+32GB,1,SK ALI,7872130082,skali1212@gmail.com,,,9/9/2021 11:47,6999,Cash,Completed,
SONAR BANGLA SHOPPING COMPLEX,West Bengal,,SA1217512317202401,S290439092100014,31996,Redmi Note 10S Deep Sea Blue 6GB+64GB,1,SANTANU PAIK,8670818987,paiksantanu56@gmail.com,,,9/8/2021 21:06,14999,Cash,Completed,
SONAR BANGLA SHOPPING COMPLEX,West Bengal,,SA1217492270640323,S290439092100013,31997,Redmi Note 10S Shadow Black 6GB+64GB,1,DILIP BARMAN,9547994387,dilipbarman1212@gmail.com,,,9/8/2021 20:17,14999,Cash,Completed,
SONAR BANGLA SHOPPING COMPLEX,West Bengal,,SA1217512264396704,S290439092100012,32253,Redmi 9 Power Blazing Blue 6GB+128GB,1,ISRAT AHAMAD,8101051006,israt1212@gmail.com,,,9/8/2021 18:31,13499,Cash,Completed,
SONAR BANGLA SHOPPING COMPLEX,West Bengal,,SA1217462351253502,S290439092100011,30651,Redmi 9 Power Blazing Blue 4GB+64GB,1,PRADEEP KAR,7478791520,pradipkar1212@gmail.com,,,9/8/2021 11:55,11499,Cash,Completed,
SONAR BANGLA SHOPPING COMPLEX,West Bengal,,SA1217462351565215,S290439092100010,23545,Mi Flex Phone Grip and Stand Black,1,SWAPAN MAHAPATRA,9382190609,NOMAIL@GMAIL.COM,,,9/7/2021 17:35,149,Cash,Completed,
SONAR BANGLA SHOPPING COMPLEX,West Bengal,,SA1217462322626616,S290439092100009,30651,Redmi 9 Power Blazing Blue 4GB+64GB,1,PIU GUCHHAIT,9735500185,piuguchhait1212@gmail.com,,,9/7/2021 13:10,11499,Cash,Completed,
SONAR BANGLA SHOPPING COMPLEX,West Bengal,,SA1217462234804013,S290439092100008,25083,Mi Dual Driver In-ear Earphones Blue,1,SANKAR SAU,9609737256,sankar1212@gmail.com,,,9/6/2021 21:00,799,Cash,Completed,
SONAR BANGLA SHOPPING COMPLEX,West Bengal,,SA1217472362459425,S290439092100007,22697,India Standard Adapter (Qualcomm QC 3.0 certified),1,MANAS JANA,7892044120,manasjana1@gmail.com,,,9/6/2021 19:35,549,Cash,Completed,
SONAR BANGLA SHOPPING COMPLEX,West Bengal,,SA1217462234832013,S290439092100006,27075,Redmi SonicBass Wireless Earphones Black,1,PRADIP JANA,9836673913,pjana240150@gmail.com,,,9/6/2021 17:02,1299,Cash,Completed,
SONAR BANGLA SHOPPING COMPLEX,West Bengal,,SA1217472362765127,S290439092100005,30559,Mi 27W SonicCharge Adapter White,1,SHIBNATH PATRA,9734857839,SHIBNATHPATRA001@GMAIL.COM,,,9/6/2021 13:28,549,Cash,Completed,
SONAR BANGLA SHOPPING COMPLEX,West Bengal,,SA1217472362566225,S290439092100004,34430,Redmi Note 10T 5G Mint Green 6GB+128GB,1,RITTWIK MAJI,8918376392,rittwikmaji4@gmail.com,,,9/4/2021 17:56,16999,Cash,Completed,
SONAR BANGLA SHOPPING COMPLEX,West Bengal,,SA1217452280128321,S290439092100003,32886,Redmi Note 10 Pro Dark Night 8GB+128GB,1,AMIT KUMAR PATTANAYAK,8982302976,AMI.PATT@GMAIL.COM,,,9/4/2021 9:31,18999,Cash,Completed,
SONAR BANGLA SHOPPING COMPLEX,West Bengal,,SA1217452337336112,S290439092100002,34408,Redmi Note 10T 5G Graphite Black 6GB+128GB,1,DEBASHRI  CHOUDHURY,7298500830,debasrichaudhury@gmail.com,,,9/3/2021 18:21,16999,Cash,Completed,
SONAR BANGLA SHOPPING COMPLEX,West Bengal,,SA1217442261829123,S290439092100001,31996,Redmi Note 10S Deep Sea Blue 6GB+64GB,1,SOVAN BIBAR,9679438799,sovanbibar99@gmail.com,,,9/2/2021 15:25,14999,Cash,Completed,
